db_name,operation,count,total_time_micros,avg_time_micros,throughput_ops_per_sec
LSM Tree,put,1000,262,0.262,3816793.8931297706
LSM Tree,get,100,7,0.07,14285714.285714284
LSM Tree,delete,10,4,0.4,2500000
LSM Tree,range,10,3,0.3,3333333.3333333335
LSM Tree,put,1000,1238,1.238,807754.4426494346
LSM Tree,get,100,38,0.38,2631578.947368421
LSM Tree,delete,10,29,2.9,344827.5862068966
LSM Tree,range,10,7,0.7,1428571.4285714286
LSM Tree,put,1000,1229,1.229,813669.6501220504
LSM Tree,get,100,37,0.37,2702702.702702703
LSM Tree,delete,10,20,2,500000
LSM Tree,range,10,6,0.6,1666666.6666666667
LSM Tree,put,1000,1252,1.252,798722.0447284345
LSM Tree,get,100,38,0.38,2631578.947368421
LSM Tree,delete,10,21,2.1,476190.47619047615
LSM Tree,range,10,6,0.6,1666666.6666666667
LSM Tree,put,1000,1228,1.228,814332.2475570033
LSM Tree,get,100,38,0.38,2631578.947368421
LSM Tree,delete,10,20,2,500000
LSM Tree,range,10,6,0.6,1666666.6666666667
LSM Tree,put,1000,717,0.717,1394700.139470014
LSM Tree,get,100,21,0.21,4761904.761904762
LSM Tree,delete,10,17,1.7,588235.2941176471
LSM Tree,range,10,3,0.3,3333333.3333333335
LSM Tree,put,1000,1220,1.22,819672.131147541
LSM Tree,get,100,37,0.37,2702702.702702703
LSM Tree,delete,10,29,2.9,344827.5862068966
LSM Tree,range,10,7,0.7,1428571.4285714286
LSM Tree,put,1000,1235,1.235,809716.5991902833
LSM Tree,get,100,37,0.37,2702702.702702703
LSM Tree,delete,10,21,2.1,476190.47619047615
LSM Tree,range,10,6,0.6,1666666.6666666667
LSM Tree,put,1000,1237,1.237,808407.4373484235
LSM Tree,get,100,45,0.45,2222222.222222222
LSM Tree,delete,10,22,2.2,454545.45454545453
LSM Tree,range,10,7,0.7,1428571.4285714286
LSM Tree,put,1000,1226,1.226,815660.6851549755
LSM Tree,get,100,37,0.37,2702702.702702703
LSM Tree,delete,10,21,2.1,476190.47619047615
LSM Tree,range,10,6,0.6,1666666.6666666667
LSM Tree,put,1000,1248,1.248,801282.0512820513
LSM Tree,get,100,37,0.37,2702702.702702703
LSM Tree,delete,10,21,2.1,476190.47619047615
LSM Tree,range,10,6,0.6,1666666.6666666667
LSM Tree,put,1000,1350,1.35,740740.7407407407
LSM Tree,get,100,42,0.42,2380952.380952381
LSM Tree,delete,10,22,2.2,454545.45454545453
LSM Tree,range,10,7,0.7,1428571.4285714286
LSM Tree,put,1000,1061,1.061,942507.0688030161
LSM Tree,get,100,39,0.39,2564102.564102564
LSM Tree,delete,10,19,1.9,526315.7894736843
LSM Tree,range,10,5,0.5,2000000
LSM Tree,put,1000,1217,1.217,821692.6869350863
LSM Tree,get,100,37,0.37,2702702.702702703
LSM Tree,delete,10,20,2,500000
LSM Tree,range,10,6,0.6,1666666.6666666667
LSM Tree,put,1000,1138,1.138,878734.6221441126
LSM Tree,get,100,41,0.41,2439024.390243903
LSM Tree,delete,10,18,1.8,555555.5555555555
LSM Tree,range,10,6,0.6,1666666.6666666667
LSM Tree,put,1000,861,0.861,1161440.1858304297
LSM Tree,get,100,26,0.26,3846153.846153846
LSM Tree,delete,10,14,1.4,714285.7142857143
LSM Tree,range,10,5,0.5,2000000
LSM Tree,put,1000,1222,1.222,818330.6055646482
LSM Tree,get,100,39,0.39,2564102.564102564
LSM Tree,delete,10,21,2.1,476190.47619047615
LSM Tree,range,10,7,0.7,1428571.4285714286
LSM Tree,put,1000,895,0.895,1117318.43575419
LSM Tree,get,100,27,0.27,3703703.7037037034
LSM Tree,delete,10,15,1.5,666666.6666666666
LSM Tree,range,10,4,0.4,2500000
LSM Tree,put,1000,1049,1.049,953288.8465204957
LSM Tree,get,100,31,0.31,3225806.4516129033
LSM Tree,delete,10,17,1.7,588235.2941176471
LSM Tree,range,10,5,0.5,2000000
LSM Tree,put,1000,1249,1.249,800640.5124099279
LSM Tree,get,100,38,0.38,2631578.947368421
LSM Tree,delete,10,24,2.4,416666.6666666667
LSM Tree,range,10,7,0.7,1428571.4285714286
LSM Tree,put,1000,548,0.548,1824817.518248175
LSM Tree,get,100,17,0.17,5882352.94117647
LSM Tree,delete,10,9,0.9,1111111.111111111
LSM Tree,range,10,3,0.3,3333333.3333333335
LSM Tree,put,1000,1351,1.351,740192.4500370097
LSM Tree,get,100,52,0.52,1923076.923076923
LSM Tree,delete,10,22,2.2,454545.45454545453
LSM Tree,range,10,7,0.7,1428571.4285714286
LSM Tree,put,1000,1225,1.225,816326.5306122449
LSM Tree,get,100,38,0.38,2631578.947368421
LSM Tree,delete,10,20,2,500000
LSM Tree,range,10,8,0.8,1250000
LSM Tree,put,1000,1240,1.24,806451.6129032258
LSM Tree,get,100,45,0.45,2222222.222222222
LSM Tree,delete,10,20,2,500000
LSM Tree,range,10,5,0.5,2000000
LSM Tree,put,1000,1192,1.192,838926.1744966443
LSM Tree,get,100,37,0.37,2702702.702702703
LSM Tree,delete,10,22,2.2,454545.45454545453
LSM Tree,range,10,6,0.6,1666666.6666666667
LSM Tree,put,1000,995,0.995,1005025.1256281408
LSM Tree,get,100,30,0.3,3333333.3333333335
LSM Tree,delete,10,18,1.8,555555.5555555555
LSM Tree,range,10,5,0.5,2000000
LSM Tree,put,1000,1250,1.25,800000
LSM Tree,get,100,39,0.39,2564102.564102564
LSM Tree,delete,10,21,2.1,476190.47619047615
LSM Tree,range,10,6,0.6,1666666.6666666667
LSM Tree,put,1000,1256,1.256,796178.3439490446
LSM Tree,get,100,39,0.39,2564102.564102564
LSM Tree,delete,10,22,2.2,454545.45454545453
LSM Tree,range,10,7,0.7,1428571.4285714286
LSM Tree,put,1000,1140,1.14,877192.9824561405
LSM Tree,get,100,35,0.35,2857142.8571428573
LSM Tree,delete,10,19,1.9,526315.7894736843
LSM Tree,range,10,6,0.6,1666666.6666666667
LSM Tree,put,1000,1232,1.232,811688.3116883117
LSM Tree,get,100,38,0.38,2631578.947368421
LSM Tree,delete,10,20,2,500000
LSM Tree,range,10,6,0.6,1666666.6666666667
LSM Tree,put,1000,1226,1.226,815660.6851549755
LSM Tree,get,100,38,0.38,2631578.947368421
LSM Tree,delete,10,21,2.1,476190.47619047615
LSM Tree,range,10,7,0.7,1428571.4285714286
LSM Tree,put,1000,846,0.846,1182033.096926714
LSM Tree,get,100,26,0.26,3846153.846153846
LSM Tree,delete,10,17,1.7,588235.2941176471
LSM Tree,range,10,5,0.5,2000000
LSM Tree,put,1000,1323,1.323,755857.8987150416
LSM Tree,get,100,41,0.41,2439024.390243903
LSM Tree,delete,10,23,2.3,434782.6086956522
LSM Tree,range,10,6,0.6,1666666.6666666667
LSM Tree,put,1000,1277,1.277,783085.3563038372
LSM Tree,get,100,40,0.4,2500000
LSM Tree,delete,10,22,2.2,454545.45454545453
LSM Tree,range,10,7,0.7,1428571.4285714286
LSM Tree,put,1000,1166,1.166,857632.9331046313
LSM Tree,get,100,37,0.37,2702702.702702703
LSM Tree,delete,10,19,1.9,526315.7894736843
LSM Tree,range,10,6,0.6,1666666.6666666667
LSM Tree,put,1000,1280,1.28,781250
LSM Tree,get,100,41,0.41,2439024.390243903
LSM Tree,delete,10,21,2.1,476190.47619047615
LSM Tree,range,10,6,0.6,1666666.6666666667
LSM Tree,put,1000,1251,1.251,799360.5115907275
LSM Tree,get,100,38,0.38,2631578.947368421
LSM Tree,delete,10,21,2.1,476190.47619047615
LSM Tree,range,10,6,0.6,1666666.6666666667
LSM Tree,put,1000,808,0.808,1237623.7623762377
LSM Tree,get,100,27,0.27,3703703.7037037034
LSM Tree,delete,10,16,1.6,625000
LSM Tree,range,10,5,0.5,2000000
LSM Tree,put,1000,1102,1.102,907441.0163339382
LSM Tree,get,100,34,0.34,2941176.470588235
LSM Tree,delete,10,18,1.8,555555.5555555555
LSM Tree,range,10,6,0.6,1666666.6666666667
LSM Tree,put,1000,1220,1.22,819672.131147541
LSM Tree,get,100,38,0.38,2631578.947368421
LSM Tree,delete,10,21,2.1,476190.47619047615
LSM Tree,range,10,7,0.7,1428571.4285714286
LSM Tree,put,1000,608,0.608,1644736.8421052631
LSM Tree,get,100,19,0.19,5263157.894736842
LSM Tree,delete,10,11,1.1,909090.9090909091
LSM Tree,range,10,3,0.3,3333333.3333333335
LSM Tree,put,1000,776,0.776,1288659.793814433
LSM Tree,get,100,25,0.25,4000000
LSM Tree,delete,10,12,1.2,833333.3333333334
LSM Tree,range,10,4,0.4,2500000
LSM Tree,put,1000,1138,1.138,878734.6221441126
LSM Tree,get,100,35,0.35,2857142.8571428573
LSM Tree,delete,10,19,1.9,526315.7894736843
LSM Tree,range,10,6,0.6,1666666.6666666667
LSM Tree,put,1000,876,0.876,1141552.511415525
LSM Tree,get,100,27,0.27,3703703.7037037034
LSM Tree,delete,10,15,1.5,666666.6666666666
LSM Tree,range,10,4,0.4,2500000
LSM Tree,put,1000,795,0.795,1257861.6352201258
LSM Tree,get,100,25,0.25,4000000
LSM Tree,delete,10,14,1.4,714285.7142857143
LSM Tree,range,10,4,0.4,2500000
LSM Tree,put,1000,1145,1.145,873362.4454148471
LSM Tree,get,100,37,0.37,2702702.702702703
LSM Tree,delete,10,20,2,500000
LSM Tree,range,10,6,0.6,1666666.6666666667
LSM Tree,put,1000,1250,1.25,800000
LSM Tree,get,100,38,0.38,2631578.947368421
LSM Tree,delete,10,21,2.1,476190.47619047615
LSM Tree,range,10,6,0.6,1666666.6666666667
LSM Tree,put,1000,1030,1.03,970873.786407767
LSM Tree,get,100,39,0.39,2564102.564102564
LSM Tree,delete,10,16,1.6,625000
LSM Tree,range,10,5,0.5,2000000
LSM Tree,put,1000,1226,1.226,815660.6851549755
LSM Tree,get,100,38,0.38,2631578.947368421
LSM Tree,delete,10,20,2,500000
LSM Tree,range,10,7,0.7,1428571.4285714286
LSM Tree,put,1000,1380,1.38,724637.6811594203
LSM Tree,get,100,43,0.43,2325581.395348837
LSM Tree,delete,10,23,2.3,434782.6086956522
LSM Tree,range,10,7,0.7,1428571.4285714286
LSM Tree,put,1000,1164,1.164,859106.5292096221
LSM Tree,get,100,35,0.35,2857142.8571428573
LSM Tree,delete,10,22,2.2,454545.45454545453
LSM Tree,range,10,6,0.6,1666666.6666666667
LSM Tree,put,1000,1244,1.244,803858.5209003215
LSM Tree,get,100,40,0.4,2500000
LSM Tree,delete,10,21,2.1,476190.47619047615
LSM Tree,range,10,7,0.7,1428571.4285714286
LSM Tree,put,1000,859,0.859,1164144.3538998836
LSM Tree,get,100,26,0.26,3846153.846153846
LSM Tree,delete,10,14,1.4,714285.7142857143
LSM Tree,range,10,5,0.5,2000000
LSM Tree,put,1000,1294,1.294,772797.5270479134
LSM Tree,get,100,41,0.41,2439024.390243903
LSM Tree,delete,10,21,2.1,476190.47619047615
LSM Tree,range,10,8,0.8,1250000
LSM Tree,put,1000,1188,1.188,841750.8417508418
LSM Tree,get,100,52,0.52,1923076.923076923
LSM Tree,delete,10,20,2,500000
LSM Tree,range,10,6,0.6,1666666.6666666667
LSM Tree,put,1000,1268,1.268,788643.5331230283
LSM Tree,get,100,39,0.39,2564102.564102564
LSM Tree,delete,10,20,2,500000
LSM Tree,range,10,7,0.7,1428571.4285714286
LSM Tree,put,1000,1289,1.289,775795.1900698217
LSM Tree,get,100,40,0.4,2500000
LSM Tree,delete,10,26,2.6,384615.3846153846
LSM Tree,range,10,7,0.7,1428571.4285714286
LSM Tree,put,1000,1102,1.102,907441.0163339382
LSM Tree,get,100,33,0.33,3030303.0303030303
LSM Tree,delete,10,18,1.8,555555.5555555555
LSM Tree,range,10,5,0.5,2000000
LSM Tree,put,1000,797,0.797,1254705.1442910915
LSM Tree,get,100,24,0.24,4166666.666666667
LSM Tree,delete,10,13,1.3,769230.7692307692
LSM Tree,range,10,4,0.4,2500000
LSM Tree,put,1000,1240,1.24,806451.6129032258
LSM Tree,get,100,39,0.39,2564102.564102564
LSM Tree,delete,10,21,2.1,476190.47619047615
LSM Tree,range,10,6,0.6,1666666.6666666667
LSM Tree,put,1000,1249,1.249,800640.5124099279
LSM Tree,get,100,39,0.39,2564102.564102564
LSM Tree,delete,10,32,3.2,312500
LSM Tree,range,10,6,0.6,1666666.6666666667
LSM Tree,put,1000,845,0.845,1183431.952662722
LSM Tree,get,100,26,0.26,3846153.846153846
LSM Tree,delete,10,14,1.4,714285.7142857143
LSM Tree,range,10,4,0.4,2500000
LSM Tree,put,1000,1334,1.334,749625.1874062968
LSM Tree,get,100,41,0.41,2439024.390243903
LSM Tree,delete,10,22,2.2,454545.45454545453
LSM Tree,range,10,7,0.7,1428571.4285714286
LSM Tree,put,1000,1212,1.212,825082.5082508251
LSM Tree,get,100,37,0.37,2702702.702702703
LSM Tree,delete,10,22,2.2,454545.45454545453
LSM Tree,range,10,6,0.6,1666666.6666666667
LSM Tree,put,1000,796,0.796,1256281.4070351757
LSM Tree,get,100,25,0.25,4000000
LSM Tree,delete,10,13,1.3,769230.7692307692
LSM Tree,range,10,4,0.4,2500000
LSM Tree,put,1000,825,0.825,1212121.2121212122
LSM Tree,get,100,25,0.25,4000000
LSM Tree,delete,10,14,1.4,714285.7142857143
LSM Tree,range,10,5,0.5,2000000
LSM Tree,put,1000,1138,1.138,878734.6221441126
LSM Tree,get,100,35,0.35,2857142.8571428573
LSM Tree,delete,10,19,1.9,526315.7894736843
LSM Tree,range,10,6,0.6,1666666.6666666667
LSM Tree,put,1000,1225,1.225,816326.5306122449
LSM Tree,get,100,39,0.39,2564102.564102564
LSM Tree,delete,10,21,2.1,476190.47619047615
LSM Tree,range,10,7,0.7,1428571.4285714286
LSM Tree,put,1000,1338,1.338,747384.1554559043
LSM Tree,get,100,42,0.42,2380952.380952381
LSM Tree,delete,10,22,2.2,454545.45454545453
LSM Tree,range,10,7,0.7,1428571.4285714286
LSM Tree,put,1000,1228,1.228,814332.2475570033
LSM Tree,get,100,47,0.47,2127659.574468085
LSM Tree,delete,10,23,2.3,434782.6086956522
LSM Tree,range,10,6,0.6,1666666.6666666667
LSM Tree,put,1000,888,0.888,1126126.1261261262
LSM Tree,get,100,27,0.27,3703703.7037037034
LSM Tree,delete,10,15,1.5,666666.6666666666
LSM Tree,range,10,4,0.4,2500000
LSM Tree,put,1000,1026,1.026,974658.8693957115
LSM Tree,get,100,33,0.33,3030303.0303030303
LSM Tree,delete,10,24,2.4,416666.6666666667
LSM Tree,range,10,5,0.5,2000000
LSM Tree,put,1000,1236,1.236,809061.4886731391
LSM Tree,get,100,36,0.36,2777777.777777778
LSM Tree,delete,10,22,2.2,454545.45454545453
LSM Tree,range,10,6,0.6,1666666.6666666667
LSM Tree,put,1000,1308,1.308,764525.993883792
LSM Tree,get,100,41,0.41,2439024.390243903
LSM Tree,delete,10,32,3.2,312500
LSM Tree,range,10,7,0.7,1428571.4285714286
LSM Tree,put,1000,1258,1.258,794912.559618442
LSM Tree,get,100,40,0.4,2500000
LSM Tree,delete,10,22,2.2,454545.45454545453
LSM Tree,range,10,7,0.7,1428571.4285714286
LSM Tree,put,1000,1363,1.363,733675.7153338224
LSM Tree,get,100,42,0.42,2380952.380952381
LSM Tree,delete,10,26,2.6,384615.3846153846
LSM Tree,range,10,6,0.6,1666666.6666666667
LSM Tree,put,1000,1389,1.389,719942.4046076314
LSM Tree,get,100,43,0.43,2325581.395348837
LSM Tree,delete,10,22,2.2,454545.45454545453
LSM Tree,range,10,8,0.8,1250000
LSM Tree,put,1000,792,0.792,1262626.2626262626
LSM Tree,get,100,24,0.24,4166666.666666667
LSM Tree,delete,10,13,1.3,769230.7692307692
LSM Tree,range,10,4,0.4,2500000
LSM Tree,put,1000,737,0.737,1356852.1031207598
LSM Tree,get,100,23,0.23,4347826.0869565215
LSM Tree,delete,10,12,1.2,833333.3333333334
LSM Tree,range,10,4,0.4,2500000
LSM Tree,put,1000,1291,1.291,774593.338497289
LSM Tree,get,100,52,0.52,1923076.923076923
LSM Tree,delete,10,22,2.2,454545.45454545453
LSM Tree,range,10,7,0.7,1428571.4285714286
LSM Tree,put,1000,1242,1.242,805152.9790660226
LSM Tree,get,100,40,0.4,2500000
LSM Tree,delete,10,21,2.1,476190.47619047615
LSM Tree,range,10,6,0.6,1666666.6666666667
SpeedB,put,1000,6669,6.669,149947.518368571
SpeedB,get,100,628,6.28,159235.6687898089
SpeedB,delete,10,138,13.8,72463.76811594203
SpeedB,range,10,396,39.6,25252.52525252525
SpeedB,put,1000,7254,7.254,137854.976564654
SpeedB,get,100,668,6.68,149700.59880239522
SpeedB,delete,10,157,15.7,63694.26751592357
SpeedB,range,10,415,41.5,24096.385542168675
SpeedB,put,1000,7340,7.34,136239.78201634876
SpeedB,get,100,668,6.68,149700.59880239522
SpeedB,delete,10,145,14.5,68965.5172413793
SpeedB,range,10,434,43.4,23041.474654377882
SpeedB,put,1000,5783,5.783,172920.62943109113
SpeedB,get,100,531,5.31,188323.91713747647
SpeedB,delete,10,117,11.7,85470.08547008547
SpeedB,range,10,341,34.1,29325.513196480937
SpeedB,put,1000,7338,7.338,136276.9146906514
SpeedB,get,100,686,6.86,145772.5947521866
SpeedB,delete,10,146,14.6,68493.1506849315
SpeedB,range,10,413,41.3,24213.07506053269
SpeedB,put,1000,6003,6.003,166583.37497917708
SpeedB,get,100,540,5.4,185185.18518518517
SpeedB,delete,10,153,15.3,65359.477124183
SpeedB,range,10,388,38.8,25773.19587628866
SpeedB,put,1000,6706,6.706,149120.19087384432
SpeedB,get,100,621,6.21,161030.5958132045
SpeedB,delete,10,148,14.8,67567.56756756756
SpeedB,range,10,391,39.1,25575.44757033248
SpeedB,put,1000,6673,6.673,149857.6352465158
SpeedB,get,100,627,6.27,159489.6331738437
SpeedB,delete,10,137,13.7,72992.700729927
SpeedB,range,10,400,40,25000
SpeedB,put,1000,7337,7.337,136295.4886193267
SpeedB,get,100,662,6.62,151057.40181268883
SpeedB,delete,10,156,15.6,64102.5641025641
SpeedB,range,10,384,38.4,26041.666666666668
SpeedB,put,1000,5988,5.988,167000.668002672
SpeedB,get,100,561,5.61,178253.11942959
SpeedB,delete,10,120,12,83333.33333333333
SpeedB,range,10,344,34.4,29069.767441860466
SpeedB,put,1000,1921,1.921,520562.20718375844
SpeedB,get,100,207,2.07,483091.78743961354
SpeedB,delete,10,37,3.7,270270.27027027024
SpeedB,range,10,146,14.6,68493.1506849315
SpeedB,put,1000,1886,1.886,530222.6935312832
SpeedB,get,100,173,1.73,578034.6820809249
SpeedB,delete,10,35,3.5,285714.28571428574
SpeedB,range,10,114,11.4,87719.29824561403
SpeedB,put,1000,6373,6.373,156911.97238349286
SpeedB,get,100,597,5.97,167504.18760469012
SpeedB,delete,10,135,13.5,74074.07407407407
SpeedB,range,10,372,37.2,26881.720430107525
SpeedB,put,1000,7001,7.001,142836.737608913
SpeedB,get,100,655,6.55,152671.75572519086
SpeedB,delete,10,144,14.4,69444.44444444444
SpeedB,range,10,407,40.7,24570.02457002457
SpeedB,put,1000,6163,6.163,162258.64027259452
SpeedB,get,100,573,5.73,174520.0698080279
SpeedB,delete,10,126,12.6,79365.07936507936
SpeedB,range,10,366,36.6,27322.4043715847
SpeedB,put,1000,6404,6.404,156152.4047470331
SpeedB,get,100,589,5.89,169779.28692699492
SpeedB,delete,10,134,13.4,74626.86567164179
SpeedB,range,10,378,37.8,26455.02645502646
SpeedB,put,1000,7638,7.638,130924.32573972244
SpeedB,get,100,726,7.26,137741.04683195593
SpeedB,delete,10,183,18.3,54644.8087431694
SpeedB,range,10,441,44.1,22675.736961451246
SpeedB,put,1000,5494,5.494,182016.74554058973
SpeedB,get,100,506,5.06,197628.45849802374
SpeedB,delete,10,117,11.7,85470.08547008547
SpeedB,range,10,348,34.8,28735.63218390805
SpeedB,put,1000,6492,6.492,154035.73629081948
SpeedB,get,100,600,6,166666.66666666666
SpeedB,delete,10,175,17.5,57142.857142857145
SpeedB,range,10,375,37.5,26666.666666666668
SpeedB,put,1000,5771,5.771,173280.19407381737
SpeedB,get,100,525,5.25,190476.19047619047
SpeedB,delete,10,117,11.7,85470.08547008547
SpeedB,range,10,333,33.3,30030.030030030033
SpeedB,put,1000,6302,6.302,158679.7841954935
SpeedB,get,100,583,5.83,171526.58662092625
SpeedB,delete,10,133,13.3,75187.96992481203
SpeedB,range,10,392,39.2,25510.20408163265
SpeedB,put,1000,3003,3.003,333000.333000333
SpeedB,get,100,347,3.47,288184.4380403458
SpeedB,delete,10,92,9.2,108695.65217391305
SpeedB,range,10,240,24,41666.666666666664
SpeedB,put,1000,7026,7.026,142328.49416453173
SpeedB,get,100,621,6.21,161030.5958132045
SpeedB,delete,10,137,13.7,72992.700729927
SpeedB,range,10,401,40.1,24937.655860349125
SpeedB,put,1000,4517,4.517,221385.8755811379
SpeedB,get,100,417,4.17,239808.15347721823
SpeedB,delete,10,131,13.1,76335.87786259543
SpeedB,range,10,274,27.4,36496.3503649635
SpeedB,put,1000,7787,7.787,128419.16013869269
SpeedB,get,100,714,7.14,140056.0224089636
SpeedB,delete,10,164,16.4,60975.60975609757
SpeedB,range,10,436,43.6,22935.77981651376
SpeedB,put,1000,6560,6.56,152439.02439024393
SpeedB,get,100,603,6.03,165837.4792703151
SpeedB,delete,10,138,13.8,72463.76811594203
SpeedB,range,10,398,39.8,25125.62814070352
SpeedB,put,1000,6689,6.689,149499.17775452236
SpeedB,get,100,631,6.31,158478.60538827258
SpeedB,delete,10,137,13.7,72992.700729927
SpeedB,range,10,391,39.1,25575.44757033248
SpeedB,put,1000,6766,6.766,147797.81259237364
SpeedB,get,100,620,6.2,161290.32258064515
SpeedB,delete,10,137,13.7,72992.700729927
SpeedB,range,10,383,38.3,26109.660574412534
SpeedB,put,1000,1884,1.884,530785.5626326965
SpeedB,get,100,173,1.73,578034.6820809249
SpeedB,delete,10,37,3.7,270270.27027027024
SpeedB,range,10,118,11.8,84745.7627118644
SpeedB,put,1000,6430,6.43,155520.99533437015
SpeedB,get,100,593,5.93,168634.06408094437
SpeedB,delete,10,136,13.6,73529.41176470589
SpeedB,range,10,397,39.7,25188.916876574305
SpeedB,put,1000,7449,7.449,134246.20754463685
SpeedB,get,100,691,6.91,144717.8002894356
SpeedB,delete,10,180,18,55555.555555555555
SpeedB,range,10,406,40.6,24630.54187192118
SpeedB,put,1000,7279,7.279,137381.50844896276
SpeedB,get,100,667,6.67,149925.03748125938
SpeedB,delete,10,167,16.7,59880.239520958086
SpeedB,range,10,410,41,24390.243902439026
SpeedB,put,1000,5427,5.427,184263.86585590566
SpeedB,get,100,505,5.05,198019.80198019804
SpeedB,delete,10,107,10.7,93457.94392523365
SpeedB,range,10,340,34,29411.764705882353
SpeedB,put,1000,6275,6.275,159362.5498007968
SpeedB,get,100,576,5.76,173611.11111111112
SpeedB,delete,10,123,12.3,81300.81300813008
SpeedB,range,10,381,38.1,26246.719160104985
SpeedB,put,1000,6445,6.445,155159.0380139643
SpeedB,get,100,591,5.91,169204.7377326565
SpeedB,delete,10,141,14.1,70921.98581560283
SpeedB,range,10,375,37.5,26666.666666666668
SpeedB,put,1000,7505,7.505,133244.50366422386
SpeedB,get,100,782,7.82,127877.2378516624
SpeedB,delete,10,178,17.8,56179.77528089887
SpeedB,range,10,418,41.8,23923.444976076556
SpeedB,put,1000,6413,6.413,155933.2605644784
SpeedB,get,100,582,5.82,171821.3058419244
SpeedB,delete,10,135,13.5,74074.07407407407
SpeedB,range,10,368,36.8,27173.913043478264
SpeedB,put,1000,6700,6.7,149253.73134328358
SpeedB,get,100,613,6.13,163132.1370309951
SpeedB,delete,10,200,20,50000
SpeedB,range,10,417,41.7,23980.815347721822
SpeedB,put,1000,6302,6.302,158679.7841954935
SpeedB,get,100,592,5.92,168918.91891891893
SpeedB,delete,10,128,12.8,78125
SpeedB,range,10,359,35.9,27855.15320334262
SpeedB,put,1000,6977,6.977,143328.0779704744
SpeedB,get,100,653,6.53,153139.35681470137
SpeedB,delete,10,146,14.6,68493.1506849315
SpeedB,range,10,391,39.1,25575.44757033248
SpeedB,put,1000,6347,6.347,157554.7502757208
SpeedB,get,100,578,5.78,173010.38062283737
SpeedB,delete,10,125,12.5,80000
SpeedB,range,10,375,37.5,26666.666666666668
SpeedB,put,1000,6739,6.739,148389.96883810655
SpeedB,get,100,631,6.31,158478.60538827258
SpeedB,delete,10,139,13.9,71942.44604316546
SpeedB,range,10,398,39.8,25125.62814070352
SpeedB,put,1000,6897,6.897,144990.57561258518
SpeedB,get,100,652,6.52,153374.23312883437
SpeedB,delete,10,171,17.1,58479.53216374268
SpeedB,range,10,246,24.6,40650.40650406504
SpeedB,put,1000,6339,6.339,157753.58889414734
SpeedB,get,100,578,5.78,173010.38062283737
SpeedB,delete,10,133,13.3,75187.96992481203
SpeedB,range,10,374,37.4,26737.967914438505
SpeedB,put,1000,6865,6.865,145666.4238892935
SpeedB,get,100,616,6.16,162337.66233766233
SpeedB,delete,10,217,21.7,46082.949308755764
SpeedB,range,10,437,43.7,22883.29519450801
SpeedB,put,1000,7381,7.381,135482.99688389106
SpeedB,get,100,673,6.73,148588.41010401188
SpeedB,delete,10,151,15.1,66225.16556291391
SpeedB,range,10,421,42.1,23752.96912114014
SpeedB,put,1000,2315,2.315,431965.44276457885
SpeedB,get,100,207,2.07,483091.78743961354
SpeedB,delete,10,60,6,166666.66666666666
SpeedB,range,10,166,16.6,60240.96385542168
SpeedB,put,1000,6095,6.095,164068.90894175554
SpeedB,get,100,568,5.68,176056.33802816903
SpeedB,delete,10,128,12.8,78125
SpeedB,range,10,360,36,27777.777777777777
SpeedB,put,1000,7010,7.01,142653.35235378033
SpeedB,get,100,646,6.46,154798.76160990712
SpeedB,delete,10,167,16.7,59880.239520958086
SpeedB,range,10,425,42.5,23529.41176470588
SpeedB,put,1000,7108,7.108,140686.55036578505
SpeedB,get,100,646,6.46,154798.76160990712
SpeedB,delete,10,145,14.5,68965.5172413793
SpeedB,range,10,404,40.4,24752.475247524755
SpeedB,put,1000,7931,7.931,126087.50472828142
SpeedB,get,100,738,7.38,135501.35501355014
SpeedB,delete,10,206,20.6,48543.689320388345
SpeedB,range,10,452,45.2,22123.893805309734
SpeedB,put,1000,5999,5.999,166694.44907484582
SpeedB,get,100,574,5.74,174216.02787456446
SpeedB,delete,10,147,14.7,68027.21088435374
SpeedB,range,10,291,29.1,34364.26116838488
SpeedB,put,1000,6993,6.993,143000.143000143
SpeedB,get,100,626,6.26,159744.4089456869
SpeedB,delete,10,160,16,62500
SpeedB,range,10,392,39.2,25510.20408163265
SpeedB,put,1000,6104,6.104,163826.998689384
SpeedB,get,100,564,5.64,177304.9645390071
SpeedB,delete,10,125,12.5,80000
SpeedB,range,10,349,34.9,28653.29512893983
SpeedB,put,1000,6547,6.547,152741.7137620284
SpeedB,get,100,594,5.94,168350.16835016833
SpeedB,delete,10,154,15.4,64935.06493506493
SpeedB,range,10,397,39.7,25188.916876574305
SpeedB,put,1000,5761,5.761,173580.97552508244
SpeedB,get,100,534,5.34,187265.91760299625
SpeedB,delete,10,112,11.2,89285.71428571429
SpeedB,range,10,348,34.8,28735.63218390805
SpeedB,put,1000,6090,6.09,164203.61247947454
SpeedB,get,100,565,5.65,176991.15044247787
SpeedB,delete,10,120,12,83333.33333333333
SpeedB,range,10,385,38.5,25974.025974025975
SpeedB,put,1000,5994,5.994,166833.50016683352
SpeedB,get,100,574,5.74,174216.02787456446
SpeedB,delete,10,122,12.2,81967.21311475411
SpeedB,range,10,356,35.6,28089.887640449437
SpeedB,put,1000,7857,7.857,127275.04136438844
SpeedB,get,100,736,7.36,135869.5652173913
SpeedB,delete,10,163,16.3,61349.69325153374
SpeedB,range,10,439,43.9,22779.04328018223
SpeedB,put,1000,8024,8.024,124626.12163509474
SpeedB,get,100,771,7.71,129701.68612191959
SpeedB,delete,10,186,18.6,53763.44086021505
SpeedB,range,10,448,44.8,22321.428571428572
SpeedB,put,1000,6931,6.931,144279.32477276007
SpeedB,get,100,657,6.57,152207.00152207
SpeedB,delete,10,149,14.9,67114.09395973154
SpeedB,range,10,408,40.8,24509.80392156863
SpeedB,put,1000,6483,6.483,154249.5758136665
SpeedB,get,100,588,5.88,170068.02721088435
SpeedB,delete,10,152,15.2,65789.47368421053
SpeedB,range,10,392,39.2,25510.20408163265
SpeedB,put,1000,7743,7.743,129148.90869172155
SpeedB,get,100,712,7.12,140449.4382022472
SpeedB,delete,10,165,16.5,60606.06060606061
SpeedB,range,10,432,43.2,23148.148148148146
SpeedB,put,1000,6227,6.227,160590.97478721695
SpeedB,get,100,592,5.92,168918.91891891893
SpeedB,delete,10,182,18.2,54945.054945054944
SpeedB,range,10,553,55.3,18083.182640144667
SpeedB,put,1000,7337,7.337,136295.4886193267
SpeedB,get,100,683,6.83,146412.88433382136
SpeedB,delete,10,152,15.2,65789.47368421053
SpeedB,range,10,407,40.7,24570.02457002457
SpeedB,put,1000,6319,6.319,158252.8881152081
SpeedB,get,100,608,6.08,164473.68421052632
SpeedB,delete,10,146,14.6,68493.1506849315
SpeedB,range,10,405,40.5,24691.35802469136
SpeedB,put,1000,6669,6.669,149947.518368571
SpeedB,get,100,630,6.3,158730.15873015873
SpeedB,delete,10,147,14.7,68027.21088435374
SpeedB,range,10,418,41.8,23923.444976076556
SpeedB,put,1000,6666,6.666,150015.00150015
SpeedB,get,100,627,6.27,159489.6331738437
SpeedB,delete,10,164,16.4,60975.60975609757
SpeedB,range,10,421,42.1,23752.96912114014
SpeedB,put,1000,7694,7.694,129971.40629061607
SpeedB,get,100,712,7.12,140449.4382022472
SpeedB,delete,10,167,16.7,59880.239520958086
SpeedB,range,10,454,45.4,22026.431718061674
SpeedB,put,1000,6441,6.441,155255.3951249806
SpeedB,get,100,592,5.92,168918.91891891893
SpeedB,delete,10,142,14.2,70422.5352112676
SpeedB,range,10,371,37.1,26954.17789757412
SpeedB,put,1000,7004,7.004,142775.55682467163
SpeedB,get,100,718,7.18,139275.7660167131
SpeedB,delete,10,170,17,58823.529411764706
SpeedB,range,10,444,44.4,22522.522522522522
SpeedB,put,1000,6843,6.843,146134.73622680112
SpeedB,get,100,622,6.22,160771.70418006432
SpeedB,delete,10,136,13.6,73529.41176470589
SpeedB,range,10,392,39.2,25510.20408163265
SpeedB,put,1000,6269,6.269,159515.0741745095
SpeedB,get,100,604,6.04,165562.91390728476
SpeedB,delete,10,132,13.2,75757.57575757576
SpeedB,range,10,360,36,27777.777777777777
SpeedB,put,1000,6392,6.392,156445.5569461827
SpeedB,get,100,569,5.69,175746.92442882247
SpeedB,delete,10,131,13.1,76335.87786259543
SpeedB,range,10,310,31,32258.064516129034
SpeedB,put,1000,7613,7.613,131354.26244581636
SpeedB,get,100,709,7.09,141043.72355430183
SpeedB,delete,10,160,16,62500
SpeedB,range,10,418,41.8,23923.444976076556
SpeedB,put,1000,9231,9.231,108330.62506770664
SpeedB,get,100,845,8.45,118343.1952662722
SpeedB,delete,10,229,22.9,43668.12227074236
SpeedB,range,10,529,52.9,18903.59168241966
SpeedB,put,1000,6450,6.45,155038.75968992247
SpeedB,get,100,589,5.89,169779.28692699492
SpeedB,delete,10,136,13.6,73529.41176470589
SpeedB,range,10,392,39.2,25510.20408163265
SpeedB,put,1000,7950,7.95,125786.16352201258
SpeedB,get,100,748,7.48,133689.83957219252
SpeedB,delete,10,164,16.4,60975.60975609757
SpeedB,range,10,446,44.6,22421.52466367713
SpeedB,put,1000,7714,7.714,129634.43090484833
SpeedB,get,100,716,7.16,139664.80446927375
SpeedB,delete,10,161,16.1,62111.80124223602
SpeedB,range,10,425,42.5,23529.41176470588
SpeedB,put,1000,7567,7.567,132152.76860050217
SpeedB,get,100,707,7.07,141442.71570014145
SpeedB,delete,10,167,16.7,59880.239520958086
SpeedB,range,10,407,40.7,24570.02457002457
SpeedB,put,1000,7026,7.026,142328.49416453173
SpeedB,get,100,644,6.44,155279.50310559006
SpeedB,delete,10,162,16.2,61728.3950617284
SpeedB,range,10,407,40.7,24570.02457002457
SpeedB,put,1000,6485,6.485,154202.00462606014
SpeedB,get,100,598,5.98,167224.08026755851
SpeedB,delete,10,181,18.1,55248.61878453038
SpeedB,range,10,417,41.7,23980.815347721822
SpeedB,put,1000,7953,7.953,125738.7149503332
SpeedB,get,100,731,7.31,136798.90560875513
SpeedB,delete,10,164,16.4,60975.60975609757
SpeedB,range,10,425,42.5,23529.41176470588
SpeedB,put,1000,5879,5.879,170096.95526450078
SpeedB,get,100,628,6.28,159235.6687898089
SpeedB,delete,10,179,17.9,55865.9217877095
SpeedB,range,10,518,51.8,19305.019305019305
SpeedB,put,1000,7657,7.657,130599.45148230378
SpeedB,get,100,727,7.27,137551.5818431912
SpeedB,delete,10,178,17.8,56179.77528089887
SpeedB,range,10,465,46.5,21505.37634408602
SpeedB,put,1000,6358,6.358,157282.16420257944
SpeedB,get,100,579,5.79,172711.57167530226
SpeedB,delete,10,139,13.9,71942.44604316546
SpeedB,range,10,383,38.3,26109.660574412534
SpeedB,put,1000,6632,6.632,150784.07720144754
SpeedB,get,100,612,6.12,163398.69281045752
SpeedB,delete,10,135,13.5,74074.07407407407
SpeedB,range,10,392,39.2,25510.20408163265
SpeedB,put,1000,6998,6.998,142897.97084881394
SpeedB,get,100,659,6.59,151745.06828528072
SpeedB,delete,10,191,19.1,52356.02094240837
SpeedB,range,10,415,41.5,24096.385542168675
SpeedB,put,1000,6394,6.394,156396.6218329684
SpeedB,get,100,588,5.88,170068.02721088435
SpeedB,delete,10,131,13.1,76335.87786259543
SpeedB,range,10,371,37.1,26954.17789757412
SpeedB,put,1000,7135,7.135,140154.1695865452
SpeedB,get,100,650,6.5,153846.15384615384
SpeedB,delete,10,149,14.9,67114.09395973154
SpeedB,range,10,403,40.3,24813.89578163772
SpeedB,put,1000,6348,6.348,157529.9306868305
SpeedB,get,100,585,5.85,170940.17094017094
SpeedB,delete,10,129,12.9,77519.37984496124
SpeedB,range,10,385,38.5,25974.025974025975
SpeedB,put,1000,7917,7.917,126310.47113805734
SpeedB,get,100,740,7.4,135135.13513513512
SpeedB,delete,10,190,19,52631.57894736842
SpeedB,range,10,454,45.4,22026.431718061674
SpeedB,put,1000,5900,5.9,169491.5254237288
SpeedB,get,100,543,5.43,184162.0626151013
SpeedB,delete,10,111,11.1,90090.09009009009
SpeedB,range,10,346,34.6,28901.73410404624
SpeedB,put,1000,6417,6.417,155836.06046439146
SpeedB,get,100,596,5.96,167785.23489932885
SpeedB,delete,10,157,15.7,63694.26751592357
SpeedB,range,10,397,39.7,25188.916876574305
SpeedB,put,1000,6967,6.967,143533.80221042057
SpeedB,get,100,670,6.7,149253.73134328358
SpeedB,delete,10,139,13.9,71942.44604316546
SpeedB,range,10,419,41.9,23866.348448687353
SpeedB,put,1000,1945,1.945,514138.81748071976
SpeedB,get,100,195,1.95,512820.5128205128
SpeedB,delete,10,40,4,250000
SpeedB,range,10,129,12.9,77519.37984496124
SpeedB,put,1000,7818,7.818,127909.95139421847
SpeedB,get,100,742,7.42,134770.88948787062
SpeedB,delete,10,238,23.8,42016.80672268907
SpeedB,range,10,524,52.4,19083.969465648857
SpeedB,put,1000,7540,7.54,132625.99469496022
SpeedB,get,100,701,7.01,142653.35235378033
SpeedB,delete,10,163,16.3,61349.69325153374
SpeedB,range,10,434,43.4,23041.474654377882
SpeedB,put,1000,7480,7.48,133689.83957219252
SpeedB,get,100,724,7.24,138121.54696132595
SpeedB,delete,10,227,22.7,44052.86343612335
SpeedB,range,10,444,44.4,22522.522522522522
SpeedB,put,1000,5535,5.535,180668.47335140017
SpeedB,get,100,514,5.14,194552.5291828794
SpeedB,delete,10,115,11.5,86956.52173913043
SpeedB,range,10,210,21,47619.04761904762
SpeedB,put,1000,6275,6.275,159362.5498007968
SpeedB,get,100,572,5.72,174825.17482517482
SpeedB,delete,10,128,12.8,78125
SpeedB,range,10,400,40,25000
SpeedB,put,1000,7047,7.047,141904.35646374343
SpeedB,get,100,658,6.58,151975.6838905775
SpeedB,delete,10,157,15.7,63694.26751592357
SpeedB,range,10,419,41.9,23866.348448687353
SpeedB,put,1000,7038,7.038,142085.81983518045
SpeedB,get,100,663,6.63,150829.56259426847
SpeedB,delete,10,153,15.3,65359.477124183
SpeedB,range,10,430,43,23255.81395348837
SpeedB,put,1000,1893,1.893,528262.0179609086
SpeedB,get,100,174,1.74,574712.643678161
SpeedB,delete,10,36,3.6,277777.77777777775
SpeedB,range,10,121,12.1,82644.62809917355
SpeedB,put,1000,6893,6.893,145074.71347744088
SpeedB,get,100,630,6.3,158730.15873015873
SpeedB,delete,10,164,16.4,60975.60975609757
SpeedB,range,10,413,41.3,24213.07506053269
SpeedB,put,1000,7064,7.064,141562.85390713476
SpeedB,get,100,658,6.58,151975.6838905775
SpeedB,delete,10,153,15.3,65359.477124183
SpeedB,range,10,442,44.2,22624.43438914027
SpeedB,put,1000,7459,7.459,134066.2287169862
SpeedB,get,100,716,7.16,139664.80446927375
SpeedB,delete,10,189,18.9,52910.05291005292
SpeedB,range,10,423,42.3,23640.661938534282
SpeedB,put,1000,6204,6.204,161186.33139909737
SpeedB,get,100,566,5.66,176678.44522968197
SpeedB,delete,10,123,12.3,81300.81300813008
SpeedB,range,10,358,35.8,27932.96089385475
SpeedB,put,1000,6613,6.613,151217.29925903524
SpeedB,get,100,599,5.99,166944.9081803005
SpeedB,delete,10,138,13.8,72463.76811594203
SpeedB,range,10,386,38.6,25906.735751295335
SpeedB,put,1000,7420,7.42,134770.88948787062
SpeedB,get,100,677,6.77,147710.4874446086
SpeedB,delete,10,150,15,66666.66666666667
SpeedB,range,10,415,41.5,24096.385542168675
SpeedB,put,1000,6369,6.369,157010.51970482024
SpeedB,get,100,608,6.08,164473.68421052632
SpeedB,delete,10,130,13,76923.07692307692
SpeedB,range,10,380,38,26315.78947368421
SpeedB,put,1000,7086,7.086,141123.34180073385
SpeedB,get,100,658,6.58,151975.6838905775
SpeedB,delete,10,148,14.8,67567.56756756756
SpeedB,range,10,405,40.5,24691.35802469136
SpeedB,put,1000,7862,7.862,127194.0981938438
SpeedB,get,100,762,7.62,131233.59580052493
SpeedB,delete,10,219,21.9,45662.10045662101
SpeedB,range,10,473,47.3,21141.649048625794
SpeedB,put,1000,8091,8.091,123594.11692003462
SpeedB,get,100,769,7.69,130039.01170351105
SpeedB,delete,10,195,19.5,51282.05128205128
SpeedB,range,10,492,49.2,20325.20325203252
SpeedB,put,1000,7891,7.891,126726.65061462426
SpeedB,get,100,781,7.81,128040.97311139565
SpeedB,delete,10,162,16.2,61728.3950617284
SpeedB,range,10,430,43,23255.81395348837
SpeedB,put,1000,5527,5.527,180929.98009770218
SpeedB,get,100,510,5.1,196078.43137254904
SpeedB,delete,10,109,10.9,91743.11926605504
SpeedB,range,10,344,34.4,29069.767441860466
SpeedB,put,1000,7488,7.488,133547.00854700853
SpeedB,get,100,718,7.18,139275.7660167131
SpeedB,delete,10,193,19.3,51813.47150259067
SpeedB,range,10,530,53,18867.924528301886
SpeedB,put,1000,8182,8.182,122219.50623319481
SpeedB,get,100,755,7.55,132450.33112582783
SpeedB,delete,10,170,17,58823.529411764706
SpeedB,range,10,435,43.5,22988.505747126437
SpeedB,put,1000,6760,6.76,147928.99408284025
SpeedB,get,100,620,6.2,161290.32258064515
SpeedB,delete,10,138,13.8,72463.76811594203
SpeedB,range,10,381,38.1,26246.719160104985
SpeedB,put,1000,7727,7.727,129416.33234114145
SpeedB,get,100,722,7.22,138504.15512465374
SpeedB,delete,10,159,15.9,62893.08176100629
SpeedB,range,10,421,42.1,23752.96912114014
SpeedB,put,1000,1975,1.975,506329.1139240506
SpeedB,get,100,184,1.84,543478.2608695652
SpeedB,delete,10,39,3.9,256410.2564102564
SpeedB,range,10,125,12.5,80000
SpeedB,put,1000,7878,7.878,126935.77050012694
SpeedB,get,100,739,7.39,135317.99729364007
SpeedB,delete,10,182,18.2,54945.054945054944
SpeedB,range,10,446,44.6,22421.52466367713
SpeedB,put,1000,6266,6.266,159591.44589849983
SpeedB,get,100,582,5.82,171821.3058419244
SpeedB,delete,10,127,12.7,78740.15748031497
SpeedB,range,10,400,40,25000
SpeedB,put,1000,6568,6.568,152253.34957369062
SpeedB,get,100,612,6.12,163398.69281045752
SpeedB,delete,10,138,13.8,72463.76811594203
SpeedB,range,10,397,39.7,25188.916876574305
SpeedB,put,1000,7673,7.673,130327.12107389548
SpeedB,get,100,782,7.82,127877.2378516624
SpeedB,delete,10,163,16.3,61349.69325153374
SpeedB,range,10,446,44.6,22421.52466367713
SpeedB,put,1000,6352,6.352,157430.73047858942
SpeedB,get,100,591,5.91,169204.7377326565
SpeedB,delete,10,177,17.7,56497.17514124294
SpeedB,range,10,407,40.7,24570.02457002457
SpeedB,put,1000,7920,7.92,126262.62626262626
SpeedB,get,100,730,7.3,136986.301369863
SpeedB,delete,10,166,16.6,60240.96385542168
SpeedB,range,10,437,43.7,22883.29519450801
SpeedB,put,1000,7135,7.135,140154.1695865452
SpeedB,get,100,646,6.46,154798.76160990712
SpeedB,delete,10,161,16.1,62111.80124223602
SpeedB,range,10,399,39.9,25062.65664160401
SpeedB,put,1000,6011,6.011,166361.6702711695
SpeedB,get,100,565,5.65,176991.15044247787
SpeedB,delete,10,123,12.3,81300.81300813008
SpeedB,range,10,364,36.4,27472.527472527472
SpeedB,put,1000,7752,7.752,128998.96800825594
SpeedB,get,100,711,7.11,140646.97609001407
SpeedB,delete,10,170,17,58823.529411764706
SpeedB,range,10,435,43.5,22988.505747126437
SpeedB,put,1000,6308,6.308,158528.8522511097
SpeedB,get,100,592,5.92,168918.91891891893
SpeedB,delete,10,153,15.3,65359.477124183
SpeedB,range,10,382,38.2,26178.010471204187
SpeedB,put,1000,6314,6.314,158378.20715869498
SpeedB,get,100,585,5.85,170940.17094017094
SpeedB,delete,10,155,15.5,64516.12903225807
SpeedB,range,10,318,31.8,31446.540880503144
SpeedB,put,1000,6452,6.452,154990.7005579665
SpeedB,get,100,677,6.77,147710.4874446086
SpeedB,delete,10,181,18.1,55248.61878453038
SpeedB,range,10,408,40.8,24509.80392156863
SpeedB,put,1000,7167,7.167,139528.39402818473
SpeedB,get,100,666,6.66,150150.15015015015
SpeedB,delete,10,247,24.7,40485.82995951417
SpeedB,range,10,424,42.4,23584.90566037736
SpeedB,put,1000,2575,2.575,388349.51456310676
SpeedB,get,100,243,2.43,411522.63374485594
SpeedB,delete,10,68,6.8,147058.82352941178
SpeedB,range,10,299,29.9,33444.816053511706
SpeedB,put,1000,4085,4.085,244798.04161566708
SpeedB,get,100,427,4.27,234192.037470726
SpeedB,delete,10,119,11.9,84033.61344537814
SpeedB,range,10,391,39.1,25575.44757033248
SpeedB,put,1000,6098,6.098,163988.1928501148
SpeedB,get,100,543,5.43,184162.0626151013
SpeedB,delete,10,190,19,52631.57894736842
SpeedB,range,10,281,28.1,35587.18861209964
SpeedB,put,1000,7253,7.253,137873.98317937404
SpeedB,get,100,662,6.62,151057.40181268883
SpeedB,delete,10,195,19.5,51282.05128205128
SpeedB,range,10,436,43.6,22935.77981651376
SpeedB,put,1000,7188,7.188,139120.7568169171
SpeedB,get,100,664,6.64,150602.40963855424
SpeedB,delete,10,153,15.3,65359.477124183
SpeedB,range,10,396,39.6,25252.52525252525
SpeedB,put,1000,3314,3.314,301750.15087507543
SpeedB,get,100,308,3.08,324675.32467532466
SpeedB,delete,10,98,9.8,102040.8163265306
SpeedB,range,10,215,21.5,46511.62790697674
SpeedB,put,1000,6486,6.486,154178.23003391922
SpeedB,get,100,612,6.12,163398.69281045752
SpeedB,delete,10,135,13.5,74074.07407407407
SpeedB,range,10,405,40.5,24691.35802469136
SpeedB,put,1000,6529,6.529,153162.8120692296
SpeedB,get,100,593,5.93,168634.06408094437
SpeedB,delete,10,131,13.1,76335.87786259543
SpeedB,range,10,390,39,25641.02564102564
SpeedB,put,1000,5435,5.435,183992.64029438823
SpeedB,get,100,502,5.02,199203.18725099604
SpeedB,delete,10,108,10.8,92592.59259259258
SpeedB,range,10,348,34.8,28735.63218390805
SpeedB,put,1000,8060,8.06,124069.47890818858
SpeedB,get,100,759,7.59,131752.30566534915
SpeedB,delete,10,198,19.8,50505.0505050505
SpeedB,range,10,473,47.3,21141.649048625794
SpeedB,put,1000,8070,8.07,123915.73729863692
SpeedB,get,100,736,7.36,135869.5652173913
SpeedB,delete,10,167,16.7,59880.239520958086
SpeedB,range,10,429,42.9,23310.02331002331
SpeedB,put,1000,6753,6.753,148082.33377758032
SpeedB,get,100,630,6.3,158730.15873015873
SpeedB,delete,10,146,14.6,68493.1506849315
SpeedB,range,10,468,46.8,21367.521367521367
SpeedB,put,1000,6697,6.697,149320.59130954157
SpeedB,get,100,620,6.2,161290.32258064515
SpeedB,delete,10,138,13.8,72463.76811594203
SpeedB,range,10,399,39.9,25062.65664160401
SpeedB,put,1000,6091,6.091,164176.65407978985
SpeedB,get,100,567,5.67,176366.8430335097
SpeedB,delete,10,125,12.5,80000
SpeedB,range,10,384,38.4,26041.666666666668
SpeedB,put,1000,6135,6.135,162999.185004075
SpeedB,get,100,565,5.65,176991.15044247787
SpeedB,delete,10,133,13.3,75187.96992481203
SpeedB,range,10,391,39.1,25575.44757033248
SpeedB,put,1000,8516,8.516,117426.02160638798
SpeedB,get,100,785,7.85,127388.53503184715
SpeedB,delete,10,188,18.8,53191.48936170212
SpeedB,range,10,474,47.4,21097.04641350211
SpeedB,put,1000,7525,7.525,132890.36544850498
SpeedB,get,100,713,7.13,140252.4544179523
SpeedB,delete,10,169,16.9,59171.5976331361
SpeedB,range,10,436,43.6,22935.77981651376
SpeedB,put,1000,7438,7.438,134444.74321054047
SpeedB,get,100,695,6.95,143884.89208633092
SpeedB,delete,10,166,16.6,60240.96385542168
SpeedB,range,10,409,40.9,24449.87775061125
SpeedB,put,1000,6430,6.43,155520.99533437015
SpeedB,get,100,604,6.04,165562.91390728476
SpeedB,delete,10,145,14.5,68965.5172413793
SpeedB,range,10,394,39.4,25380.71065989848
SpeedB,put,1000,7651,7.651,130701.86903672724
SpeedB,get,100,717,7.17,139470.0139470014
SpeedB,delete,10,159,15.9,62893.08176100629
SpeedB,range,10,440,44,22727.272727272728
SpeedB,put,1000,6875,6.875,145454.54545454544
SpeedB,get,100,639,6.39,156494.5226917058
SpeedB,delete,10,142,14.2,70422.5352112676
SpeedB,range,10,412,41.2,24271.844660194172
SpeedB,put,1000,7915,7.915,126342.38787113076
SpeedB,get,100,744,7.44,134408.60215053763
SpeedB,delete,10,168,16.8,59523.80952380952
SpeedB,range,10,434,43.4,23041.474654377882
SpeedB,put,1000,5274,5.274,189609.40462646948
SpeedB,get,100,484,4.84,206611.57024793388
SpeedB,delete,10,113,11.3,88495.57522123893
SpeedB,range,10,224,22.4,44642.857142857145
SpeedB,put,1000,7208,7.208,138734.73917869033
SpeedB,get,100,662,6.62,151057.40181268883
SpeedB,delete,10,152,15.2,65789.47368421053
SpeedB,range,10,406,40.6,24630.54187192118
SpeedB,put,1000,7455,7.455,134138.1623071764
SpeedB,get,100,697,6.97,143472.0229555237
SpeedB,delete,10,156,15.6,64102.5641025641
SpeedB,range,10,415,41.5,24096.385542168675
SpeedB,put,1000,6255,6.255,159872.10231814548
SpeedB,get,100,589,5.89,169779.28692699492
SpeedB,delete,10,141,14.1,70921.98581560283
SpeedB,range,10,389,38.9,25706.94087403599
SpeedB,put,1000,6458,6.458,154846.7017652524
SpeedB,get,100,605,6.05,165289.2561983471
SpeedB,delete,10,136,13.6,73529.41176470589
SpeedB,range,10,373,37.3,26809.651474530834
SpeedB,put,1000,5862,5.862,170590.24223814398
SpeedB,get,100,564,5.64,177304.9645390071
SpeedB,delete,10,151,15.1,66225.16556291391
SpeedB,range,10,352,35.2,28409.090909090908
SpeedB,put,1000,6914,6.914,144634.07578825572
SpeedB,get,100,664,6.64,150602.40963855424
SpeedB,delete,10,143,14.3,69930.06993006992
SpeedB,range,10,385,38.5,25974.025974025975
SpeedB,put,1000,6207,6.207,161108.42597067828
SpeedB,get,100,566,5.66,176678.44522968197
SpeedB,delete,10,169,16.9,59171.5976331361
SpeedB,range,10,383,38.3,26109.660574412534
SpeedB,put,1000,6867,6.867,145623.998835008
SpeedB,get,100,672,6.72,148809.52380952382
SpeedB,delete,10,154,15.4,64935.06493506493
SpeedB,range,10,414,41.4,24154.589371980677
SpeedB,put,1000,8069,8.069,123931.09431156276
SpeedB,get,100,748,7.48,133689.83957219252
SpeedB,delete,10,207,20.7,48309.178743961354
SpeedB,range,10,451,45.1,22172.949002217294
SpeedB,put,1000,6043,6.043,165480.7214959457
SpeedB,get,100,565,5.65,176991.15044247787
SpeedB,delete,10,132,13.2,75757.57575757576
SpeedB,range,10,367,36.7,27247.956403269753
SpeedB,put,1000,6192,6.192,161498.70801033592
SpeedB,get,100,569,5.69,175746.92442882247
SpeedB,delete,10,128,12.8,78125
SpeedB,range,10,369,36.9,27100.27100271003
SpeedB,put,1000,6691,6.691,149454.49110745778
SpeedB,get,100,638,6.38,156739.8119122257
SpeedB,delete,10,135,13.5,74074.07407407407
SpeedB,range,10,383,38.3,26109.660574412534
SpeedB,put,1000,6221,6.221,160745.86079408455
SpeedB,get,100,600,6,166666.66666666666
SpeedB,delete,10,124,12.4,80645.16129032258
SpeedB,range,10,372,37.2,26881.720430107525
SpeedB,put,1000,7830,7.83,127713.92081736909
SpeedB,get,100,752,7.52,132978.72340425532
SpeedB,delete,10,199,19.9,50251.25628140704
SpeedB,range,10,444,44.4,22522.522522522522
SpeedB,put,1000,4786,4.786,208942.74968658588
SpeedB,get,100,439,4.39,227790.43280182235
SpeedB,delete,10,92,9.2,108695.65217391305
SpeedB,range,10,304,30.4,32894.73684210527
SpeedB,put,1000,8018,8.018,124719.38139186829
SpeedB,get,100,741,7.41,134952.7665317139
SpeedB,delete,10,171,17.1,58479.53216374268
SpeedB,range,10,457,45.7,21881.83807439825
LSM Tree,put,5000,3461,0.6922,1444669.1707598958
LSM Tree,get,500,121,0.242,4132231.404958678
LSM Tree,delete,50,55,1.1,909090.9090909091
LSM Tree,range,50,16,0.32,3125000
LSM Tree,put,5000,4737,0.9474,1055520.3715431707
LSM Tree,get,500,169,0.338,2958579.8816568046
LSM Tree,delete,50,72,1.44,694444.4444444445
LSM Tree,range,50,20,0.4,2500000
LSM Tree,put,5000,5724,1.1448,873515.0244584207
LSM Tree,get,500,197,0.394,2538071.0659898478
LSM Tree,delete,50,86,1.72,581395.3488372093
LSM Tree,range,50,25,0.5,2000000
LSM Tree,put,5000,5888,1.1776,849184.7826086957
LSM Tree,get,500,198,0.396,2525252.525252525
LSM Tree,delete,50,89,1.78,561797.7528089888
LSM Tree,range,50,28,0.56,1785714.2857142854
LSM Tree,put,5000,5295,1.059,944287.0632672333
LSM Tree,get,500,182,0.364,2747252.7472527474
LSM Tree,delete,50,85,1.7,588235.2941176471
LSM Tree,range,50,23,0.46,2173913.0434782607
LSM Tree,put,5000,5116,1.0232,977326.0359655981
LSM Tree,get,500,170,0.34,2941176.470588235
LSM Tree,delete,50,79,1.58,632911.3924050633
LSM Tree,range,50,24,0.48,2083333.3333333335
LSM Tree,put,5000,5194,1.0388,962649.2106276473
LSM Tree,get,500,183,0.366,2732240.43715847
LSM Tree,delete,50,78,1.56,641025.641025641
LSM Tree,range,50,21,0.42,2380952.380952381
LSM Tree,put,5000,5802,1.1604,861771.8028266114
LSM Tree,get,500,192,0.384,2604166.6666666665
LSM Tree,delete,50,95,1.9,526315.7894736843
LSM Tree,range,50,24,0.48,2083333.3333333335
LSM Tree,put,5000,5056,1.0112,988924.0506329113
LSM Tree,get,500,179,0.358,2793296.089385475
LSM Tree,delete,50,81,1.62,617283.9506172839
LSM Tree,range,50,23,0.46,2173913.0434782607
LSM Tree,put,5000,5009,1.0018,998203.2341784787
LSM Tree,get,500,178,0.356,2808988.7640449437
LSM Tree,delete,50,77,1.54,649350.6493506493
LSM Tree,range,50,21,0.42,2380952.380952381
LSM Tree,put,5000,5142,1.0284,972384.2862699339
LSM Tree,get,500,177,0.354,2824858.757062147
LSM Tree,delete,50,85,1.7,588235.2941176471
LSM Tree,range,50,21,0.42,2380952.380952381
LSM Tree,put,5000,5462,1.0924,915415.5986818015
LSM Tree,get,500,186,0.372,2688172.0430107526
LSM Tree,delete,50,84,1.68,595238.0952380953
LSM Tree,range,50,33,0.66,1515151.5151515151
LSM Tree,put,5000,4478,0.8956,1116569.8972755696
LSM Tree,get,500,156,0.312,3205128.205128205
LSM Tree,delete,50,68,1.36,735294.1176470588
LSM Tree,range,50,19,0.38,2631578.947368421
LSM Tree,put,5000,5015,1.003,997008.9730807579
LSM Tree,get,500,175,0.35,2857142.8571428573
LSM Tree,delete,50,81,1.62,617283.9506172839
LSM Tree,range,50,21,0.42,2380952.380952381
LSM Tree,put,5000,5697,1.1394,877654.9060909251
LSM Tree,get,500,191,0.382,2617801.047120419
LSM Tree,delete,50,86,1.72,581395.3488372093
LSM Tree,range,50,25,0.5,2000000
LSM Tree,put,5000,5549,1.1098,901063.2546404758
LSM Tree,get,500,194,0.388,2577319.587628866
LSM Tree,delete,50,85,1.7,588235.2941176471
LSM Tree,range,50,23,0.46,2173913.0434782607
LSM Tree,put,5000,5694,1.1388,878117.3164734808
LSM Tree,get,500,204,0.408,2450980.392156863
LSM Tree,delete,50,88,1.76,568181.8181818182
LSM Tree,range,50,27,0.54,1851851.8518518517
LSM Tree,put,5000,5828,1.1656,857927.2477693892
LSM Tree,get,500,206,0.412,2427184.4660194176
LSM Tree,delete,50,90,1.8,555555.5555555555
LSM Tree,range,50,24,0.48,2083333.3333333335
LSM Tree,put,5000,5070,1.014,986193.2938856016
LSM Tree,get,500,183,0.366,2732240.43715847
LSM Tree,delete,50,81,1.62,617283.9506172839
LSM Tree,range,50,21,0.42,2380952.380952381
LSM Tree,put,5000,4433,0.8866,1127904.3537108053
LSM Tree,get,500,150,0.3,3333333.3333333335
LSM Tree,delete,50,68,1.36,735294.1176470588
LSM Tree,range,50,22,0.44,2272727.272727273
LSM Tree,put,5000,4404,0.8808,1135331.5168029065
LSM Tree,get,500,151,0.302,3311258.2781456956
LSM Tree,delete,50,72,1.44,694444.4444444445
LSM Tree,range,50,19,0.38,2631578.947368421
LSM Tree,put,5000,4759,0.9518,1050640.8909434755
LSM Tree,get,500,155,0.31,3225806.4516129033
LSM Tree,delete,50,77,1.54,649350.6493506493
LSM Tree,range,50,20,0.4,2500000
LSM Tree,put,5000,5593,1.1186,893974.6111210441
LSM Tree,get,500,189,0.378,2645502.6455026455
LSM Tree,delete,50,84,1.68,595238.0952380953
LSM Tree,range,50,24,0.48,2083333.3333333335
LSM Tree,put,5000,6460,1.292,773993.8080495356
LSM Tree,get,500,259,0.518,1930501.9305019304
LSM Tree,delete,50,98,1.96,510204.0816326531
LSM Tree,range,50,28,0.56,1785714.2857142854
LSM Tree,put,5000,4635,0.927,1078748.6515641855
LSM Tree,get,500,165,0.33,3030303.0303030303
LSM Tree,delete,50,70,1.4,714285.7142857143
LSM Tree,range,50,22,0.44,2272727.272727273
LSM Tree,put,5000,5165,1.033,968054.2110358181
LSM Tree,get,500,184,0.368,2717391.304347826
LSM Tree,delete,50,81,1.62,617283.9506172839
LSM Tree,range,50,21,0.42,2380952.380952381
LSM Tree,put,5000,5912,1.1824,845737.4830852504
LSM Tree,get,500,207,0.414,2415458.9371980675
LSM Tree,delete,50,89,1.78,561797.7528089888
LSM Tree,range,50,32,0.64,1562500
LSM Tree,put,5000,4767,0.9534,1048877.7008600796
LSM Tree,get,500,161,0.322,3105590.062111801
LSM Tree,delete,50,78,1.56,641025.641025641
LSM Tree,range,50,23,0.46,2173913.0434782607
LSM Tree,put,5000,5793,1.1586,863110.6507854307
LSM Tree,get,500,205,0.41,2439024.390243903
LSM Tree,delete,50,87,1.74,574712.643678161
LSM Tree,range,50,24,0.48,2083333.3333333335
LSM Tree,put,5000,5146,1.0292,971628.4492809951
LSM Tree,get,500,173,0.346,2890173.4104046244
LSM Tree,delete,50,82,1.64,609756.0975609757
LSM Tree,range,50,23,0.46,2173913.0434782607
LSM Tree,put,5000,4335,0.867,1153402.5374855825
LSM Tree,get,500,148,0.296,3378378.3783783787
LSM Tree,delete,50,71,1.42,704225.3521126761
LSM Tree,range,50,18,0.36,2777777.777777778
LSM Tree,put,5000,4855,0.971,1029866.1174047374
LSM Tree,get,500,164,0.328,3048780.487804878
LSM Tree,delete,50,74,1.48,675675.6756756757
LSM Tree,range,50,22,0.44,2272727.272727273
LSM Tree,put,5000,4088,0.8176,1223091.976516634
LSM Tree,get,500,149,0.298,3355704.697986577
LSM Tree,delete,50,61,1.22,819672.131147541
LSM Tree,range,50,20,0.4,2500000
LSM Tree,put,5000,3977,0.7954,1257229.0671360323
LSM Tree,get,500,140,0.28,3571428.571428571
LSM Tree,delete,50,65,1.3,769230.7692307692
LSM Tree,range,50,16,0.32,3125000
LSM Tree,put,5000,4038,0.8076,1238236.7508667659
LSM Tree,get,500,141,0.282,3546099.2907801424
LSM Tree,delete,50,62,1.24,806451.6129032258
LSM Tree,range,50,17,0.34,2941176.470588235
LSM Tree,put,5000,5392,1.0784,927299.7032640949
LSM Tree,get,500,184,0.368,2717391.304347826
LSM Tree,delete,50,83,1.66,602409.638554217
LSM Tree,range,50,27,0.54,1851851.8518518517
LSM Tree,put,5000,4245,0.849,1177856.3015312133
LSM Tree,get,500,146,0.292,3424657.5342465756
LSM Tree,delete,50,65,1.3,769230.7692307692
LSM Tree,range,50,18,0.36,2777777.777777778
LSM Tree,put,5000,5965,1.193,838222.9673093043
LSM Tree,get,500,206,0.412,2427184.4660194176
LSM Tree,delete,50,96,1.92,520833.3333333334
LSM Tree,range,50,27,0.54,1851851.8518518517
LSM Tree,put,5000,4141,0.8282,1207437.816952427
LSM Tree,get,500,143,0.286,3496503.496503497
LSM Tree,delete,50,62,1.24,806451.6129032258
LSM Tree,range,50,17,0.34,2941176.470588235
LSM Tree,put,5000,4844,0.9688,1032204.7894302229
LSM Tree,get,500,172,0.344,2906976.7441860465
LSM Tree,delete,50,79,1.58,632911.3924050633
LSM Tree,range,50,21,0.42,2380952.380952381
LSM Tree,put,5000,5615,1.123,890471.9501335708
LSM Tree,get,500,203,0.406,2463054.1871921183
LSM Tree,delete,50,87,1.74,574712.643678161
LSM Tree,range,50,27,0.54,1851851.8518518517
LSM Tree,put,5000,5779,1.1558,865201.5919709293
LSM Tree,get,500,217,0.434,2304147.465437788
LSM Tree,delete,50,88,1.76,568181.8181818182
LSM Tree,range,50,24,0.48,2083333.3333333335
LSM Tree,put,5000,4115,0.823,1215066.8286755772
LSM Tree,get,500,145,0.29,3448275.8620689656
LSM Tree,delete,50,70,1.4,714285.7142857143
LSM Tree,range,50,18,0.36,2777777.777777778
LSM Tree,put,5000,4950,0.99,1010101.0101010101
LSM Tree,get,500,166,0.332,3012048.192771084
LSM Tree,delete,50,80,1.6,625000
LSM Tree,range,50,24,0.48,2083333.3333333335
LSM Tree,put,5000,6015,1.203,831255.1953449709
LSM Tree,get,500,211,0.422,2369668.2464454975
LSM Tree,delete,50,95,1.9,526315.7894736843
LSM Tree,range,50,26,0.52,1923076.923076923
LSM Tree,put,5000,4968,0.9936,1006441.2238325281
LSM Tree,get,500,166,0.332,3012048.192771084
LSM Tree,delete,50,83,1.66,602409.638554217
LSM Tree,range,50,22,0.44,2272727.272727273
LSM Tree,put,5000,4876,0.9752,1025430.6808859721
LSM Tree,get,500,167,0.334,2994011.976047904
LSM Tree,delete,50,74,1.48,675675.6756756757
LSM Tree,range,50,21,0.42,2380952.380952381
LSM Tree,put,5000,5654,1.1308,884329.6781039971
LSM Tree,get,500,190,0.38,2631578.947368421
LSM Tree,delete,50,84,1.68,595238.0952380953
LSM Tree,range,50,24,0.48,2083333.3333333335
LSM Tree,put,5000,5610,1.122,891265.59714795
LSM Tree,get,500,196,0.392,2551020.4081632653
LSM Tree,delete,50,85,1.7,588235.2941176471
LSM Tree,range,50,26,0.52,1923076.923076923
LSM Tree,put,5000,3364,0.6728,1486325.8026159336
LSM Tree,get,500,122,0.244,4098360.655737705
LSM Tree,delete,50,51,1.02,980392.1568627451
LSM Tree,range,50,15,0.3,3333333.3333333335
LSM Tree,put,5000,4442,0.8884,1125619.090499775
LSM Tree,get,500,148,0.296,3378378.3783783787
LSM Tree,delete,50,71,1.42,704225.3521126761
LSM Tree,range,50,19,0.38,2631578.947368421
LSM Tree,put,5000,5685,1.137,879507.4758135444
LSM Tree,get,500,197,0.394,2538071.0659898478
LSM Tree,delete,50,87,1.74,574712.643678161
LSM Tree,range,50,28,0.56,1785714.2857142854
LSM Tree,put,5000,3882,0.7764,1287995.8784131892
LSM Tree,get,500,138,0.276,3623188.405797101
LSM Tree,delete,50,58,1.16,862068.9655172414
LSM Tree,range,50,16,0.32,3125000
LSM Tree,put,5000,5185,1.037,964320.1542912248
LSM Tree,get,500,174,0.348,2873563.2183908047
LSM Tree,delete,50,86,1.72,581395.3488372093
LSM Tree,range,50,24,0.48,2083333.3333333335
LSM Tree,put,5000,4427,0.8854,1129433.0246216399
LSM Tree,get,500,158,0.316,3164556.9620253164
LSM Tree,delete,50,67,1.34,746268.6567164179
LSM Tree,range,50,24,0.48,2083333.3333333335
LSM Tree,put,5000,5067,1.0134,986777.1857114662
LSM Tree,get,500,178,0.356,2808988.7640449437
LSM Tree,delete,50,87,1.74,574712.643678161
LSM Tree,range,50,23,0.46,2173913.0434782607
LSM Tree,put,5000,4793,0.9586,1043187.9824744419
LSM Tree,get,500,168,0.336,2976190.476190476
LSM Tree,delete,50,75,1.5,666666.6666666666
LSM Tree,range,50,23,0.46,2173913.0434782607
LSM Tree,put,5000,5728,1.1456,872905.0279329609
LSM Tree,get,500,203,0.406,2463054.1871921183
LSM Tree,delete,50,86,1.72,581395.3488372093
LSM Tree,range,50,24,0.48,2083333.3333333335
LSM Tree,put,5000,4556,0.9112,1097453.9069359086
LSM Tree,get,500,160,0.32,3125000
LSM Tree,delete,50,70,1.4,714285.7142857143
LSM Tree,range,50,19,0.38,2631578.947368421
LSM Tree,put,5000,4778,0.9556,1046462.9552113855
LSM Tree,get,500,167,0.334,2994011.976047904
LSM Tree,delete,50,74,1.48,675675.6756756757
LSM Tree,range,50,24,0.48,2083333.3333333335
LSM Tree,put,5000,5629,1.1258,888257.2392965003
LSM Tree,get,500,192,0.384,2604166.6666666665
LSM Tree,delete,50,85,1.7,588235.2941176471
LSM Tree,range,50,24,0.48,2083333.3333333335
LSM Tree,put,5000,4864,0.9728,1027960.5263157894
LSM Tree,get,500,163,0.326,3067484.662576687
LSM Tree,delete,50,80,1.6,625000
LSM Tree,range,50,21,0.42,2380952.380952381
LSM Tree,put,5000,3996,0.7992,1251251.2512512512
LSM Tree,get,500,136,0.272,3676470.588235294
LSM Tree,delete,50,59,1.18,847457.6271186441
LSM Tree,range,50,16,0.32,3125000
LSM Tree,put,5000,5773,1.1546,866100.8141347652
LSM Tree,get,500,196,0.392,2551020.4081632653
LSM Tree,delete,50,90,1.8,555555.5555555555
LSM Tree,range,50,25,0.5,2000000
LSM Tree,put,5000,5288,1.0576,945537.0650529499
LSM Tree,get,500,195,0.39,2564102.564102564
LSM Tree,delete,50,80,1.6,625000
LSM Tree,range,50,27,0.54,1851851.8518518517
LSM Tree,put,5000,5099,1.0198,980584.4283192783
LSM Tree,get,500,181,0.362,2762430.9392265193
LSM Tree,delete,50,79,1.58,632911.3924050633
LSM Tree,range,50,23,0.46,2173913.0434782607
LSM Tree,put,5000,5671,1.1342,881678.7162757891
LSM Tree,get,500,211,0.422,2369668.2464454975
LSM Tree,delete,50,88,1.76,568181.8181818182
LSM Tree,range,50,24,0.48,2083333.3333333335
LSM Tree,put,5000,5262,1.0524,950209.0459901178
LSM Tree,get,500,179,0.358,2793296.089385475
LSM Tree,delete,50,89,1.78,561797.7528089888
LSM Tree,range,50,27,0.54,1851851.8518518517
LSM Tree,put,5000,4712,0.9424,1061120.5432937182
LSM Tree,get,500,162,0.324,3086419.75308642
LSM Tree,delete,50,76,1.52,657894.7368421053
LSM Tree,range,50,20,0.4,2500000
LSM Tree,put,5000,3442,0.6884,1452643.811737362
LSM Tree,get,500,117,0.234,4273504.273504273
LSM Tree,delete,50,55,1.1,909090.9090909091
LSM Tree,range,50,15,0.3,3333333.3333333335
LSM Tree,put,5000,5762,1.1524,867754.2519958348
LSM Tree,get,500,205,0.41,2439024.390243903
LSM Tree,delete,50,87,1.74,574712.643678161
LSM Tree,range,50,25,0.5,2000000
LSM Tree,put,5000,4170,0.834,1199040.7673860912
LSM Tree,get,500,144,0.288,3472222.2222222225
LSM Tree,delete,50,63,1.26,793650.7936507936
LSM Tree,range,50,20,0.4,2500000
LSM Tree,put,5000,4203,0.8406,1189626.45729241
LSM Tree,get,500,147,0.294,3401360.544217687
LSM Tree,delete,50,63,1.26,793650.7936507936
LSM Tree,range,50,20,0.4,2500000
LSM Tree,put,5000,3961,0.7922,1262307.4981065388
LSM Tree,get,500,151,0.302,3311258.2781456956
LSM Tree,delete,50,69,1.38,724637.6811594203
LSM Tree,range,50,17,0.34,2941176.470588235
LSM Tree,put,5000,5679,1.1358,880436.6966015144
LSM Tree,get,500,200,0.4,2500000
LSM Tree,delete,50,88,1.76,568181.8181818182
LSM Tree,range,50,25,0.5,2000000
LSM Tree,put,5000,4471,0.8942,1118318.0496533215
LSM Tree,get,500,161,0.322,3105590.062111801
LSM Tree,delete,50,75,1.5,666666.6666666666
LSM Tree,range,50,23,0.46,2173913.0434782607
LSM Tree,put,5000,5463,1.0926,915248.0322167308
LSM Tree,get,500,197,0.394,2538071.0659898478
LSM Tree,delete,50,84,1.68,595238.0952380953
LSM Tree,range,50,23,0.46,2173913.0434782607
LSM Tree,put,5000,5605,1.121,892060.6601248885
LSM Tree,get,500,189,0.378,2645502.6455026455
LSM Tree,delete,50,87,1.74,574712.643678161
LSM Tree,range,50,26,0.52,1923076.923076923
LSM Tree,put,5000,4772,0.9544,1047778.7091366303
LSM Tree,get,500,174,0.348,2873563.2183908047
LSM Tree,delete,50,73,1.46,684931.5068493151
LSM Tree,range,50,20,0.4,2500000
LSM Tree,put,5000,2783,0.5566,1796622.3499820337
LSM Tree,get,500,90,0.18,5555555.555555556
LSM Tree,delete,50,41,0.82,1219512.1951219514
LSM Tree,range,50,11,0.22,4545454.545454546
LSM Tree,put,5000,4740,0.948,1054852.3206751056
LSM Tree,get,500,166,0.332,3012048.192771084
LSM Tree,delete,50,73,1.46,684931.5068493151
LSM Tree,range,50,22,0.44,2272727.272727273
SpeedB,put,5000,19607,3.9214,255010.96547151526
SpeedB,get,500,1800,3.6,277777.77777777775
SpeedB,delete,50,358,7.16,139664.80446927375
SpeedB,range,50,1896,37.92,26371.308016877636
SpeedB,put,5000,19676,3.9352,254116.69038422444
SpeedB,get,500,1785,3.57,280112.0448179272
SpeedB,delete,50,373,7.46,134048.25737265416
SpeedB,range,50,2350,47,21276.59574468085
SpeedB,put,5000,19877,3.9754,251547.0141369422
SpeedB,get,500,1801,3.602,277623.542476402
SpeedB,delete,50,378,7.56,132275.1322751323
SpeedB,range,50,1873,37.46,26695.141484249867
SpeedB,put,5000,22883,4.5766,218502.81868636105
SpeedB,get,500,2098,4.196,238322.21163012393
SpeedB,delete,50,405,8.1,123456.7901234568
SpeedB,range,50,2629,52.58,19018.63826550019
SpeedB,put,5000,17599,3.5198,284107.05153701914
SpeedB,get,500,1601,3.202,312304.8094940662
SpeedB,delete,50,317,6.34,157728.7066246057
SpeedB,range,50,1717,34.34,29120.559114735
SpeedB,put,5000,22778,4.5556,219510.05356045306
SpeedB,get,500,2082,4.164,240153.69836695486
SpeedB,delete,50,505,10.1,99009.90099009902
SpeedB,range,50,2282,45.64,21910.604732690623
SpeedB,put,5000,11757,2.3514,425278.5574551331
SpeedB,get,500,1065,2.13,469483.5680751174
SpeedB,delete,50,252,5.04,198412.6984126984
SpeedB,range,50,1290,25.8,38759.68992248062
SpeedB,put,5000,9908,1.9816,504642.7129592249
SpeedB,get,500,898,1.796,556792.873051225
SpeedB,delete,50,171,3.42,292397.6608187135
SpeedB,range,50,1212,24.24,41254.12541254126
SpeedB,put,5000,18965,3.793,263643.55391510675
SpeedB,get,500,1738,3.476,287686.996547756
SpeedB,delete,50,349,6.98,143266.47564469912
SpeedB,range,50,1945,38.9,25706.94087403599
SpeedB,put,5000,15035,3.007,332557.3661456601
SpeedB,get,500,1367,2.734,365764.447695684
SpeedB,delete,50,314,6.28,159235.6687898089
SpeedB,range,50,1783,35.66,28042.624789680318
SpeedB,put,5000,16452,3.2904,303914.41769997566
SpeedB,get,500,1478,2.956,338294.9932341001
SpeedB,delete,50,360,7.2,138888.88888888888
SpeedB,range,50,1645,32.9,30395.136778115502
SpeedB,put,5000,16535,3.307,302388.8720895071
SpeedB,get,500,1526,3.052,327653.997378768
SpeedB,delete,50,333,6.66,150150.15015015015
SpeedB,range,50,1702,34.04,29377.20329024677
SpeedB,put,5000,17896,3.5792,279392.0429146178
SpeedB,get,500,1605,3.21,311526.4797507788
SpeedB,delete,50,326,6.52,153374.23312883437
SpeedB,range,50,1692,33.84,29550.827423167844
SpeedB,put,5000,18298,3.6596,273253.9075308777
SpeedB,get,500,1679,3.358,297796.3073257891
SpeedB,delete,50,348,6.96,143678.16091954024
SpeedB,range,50,1695,33.9,29498.525073746314
SpeedB,put,5000,17371,3.4742,287836.04858672497
SpeedB,get,500,1572,3.144,318066.15776081424
SpeedB,delete,50,342,6.84,146198.83040935674
SpeedB,range,50,1659,33.18,30138.637733574444
SpeedB,put,5000,17510,3.502,285551.11364934326
SpeedB,get,500,1592,3.184,314070.3517587939
SpeedB,delete,50,331,6.62,151057.40181268883
SpeedB,range,50,1665,33.3,30030.030030030033
SpeedB,put,5000,20287,4.0574,246463.25232907772
SpeedB,get,500,1922,3.844,260145.68158168576
SpeedB,delete,50,417,8.34,119904.07673860912
SpeedB,range,50,1949,38.98,25654.181631605952
SpeedB,put,5000,17439,3.4878,286713.6877114513
SpeedB,get,500,1564,3.128,319693.094629156
SpeedB,delete,50,322,6.44,155279.50310559006
SpeedB,range,50,1725,34.5,28985.507246376812
SpeedB,put,5000,17675,3.535,282885.4314002829
SpeedB,get,500,1607,3.214,311138.7678904792
SpeedB,delete,50,325,6.5,153846.15384615384
SpeedB,range,50,1759,35.18,28425.241614553725
SpeedB,put,5000,18560,3.712,269396.5517241379
SpeedB,get,500,1635,3.27,305810.39755351684
SpeedB,delete,50,355,7.1,140845.0704225352
SpeedB,range,50,1763,35.26,28360.748723766308
SpeedB,put,5000,17425,3.485,286944.0459110474
SpeedB,get,500,1594,3.188,313676.28607277287
SpeedB,delete,50,348,6.96,143678.16091954024
SpeedB,range,50,1732,34.64,28868.360277136257
SpeedB,put,5000,9579,1.9158,521975.15398267045
SpeedB,get,500,889,1.778,562429.696287964
SpeedB,delete,50,164,3.28,304878.04878048785
SpeedB,range,50,1189,23.78,42052.14465937763
SpeedB,put,5000,17579,3.5158,284430.2861368678
SpeedB,get,500,1581,3.162,316255.5344718533
SpeedB,delete,50,325,6.5,153846.15384615384
SpeedB,range,50,1651,33.02,30284.67595396729
SpeedB,put,5000,15666,3.1332,319162.5175539385
SpeedB,get,500,1418,2.836,352609.3088857546
SpeedB,delete,50,292,5.84,171232.87671232878
SpeedB,range,50,1545,30.9,32362.45954692557
SpeedB,put,5000,18826,3.7652,265590.14129395515
SpeedB,get,500,1718,3.436,291036.0884749709
SpeedB,delete,50,348,6.96,143678.16091954024
SpeedB,range,50,1812,36.24,27593.81898454746
SpeedB,put,5000,21018,4.2036,237891.33123988964
SpeedB,get,500,1917,3.834,260824.2044861763
SpeedB,delete,50,434,8.68,115207.3732718894
SpeedB,range,50,1998,39.96,25025.025025025025
SpeedB,put,5000,16720,3.344,299043.062200957
SpeedB,get,500,1521,3.042,328731.0979618672
SpeedB,delete,50,297,5.94,168350.16835016833
SpeedB,range,50,1673,33.46,29886.431560071727
SpeedB,put,5000,9722,1.9444,514297.46965644934
SpeedB,get,500,890,1.78,561797.7528089888
SpeedB,delete,50,163,3.26,306748.46625766874
SpeedB,range,50,1203,24.06,41562.75976724855
SpeedB,put,5000,19847,3.9694,251927.2434121026
SpeedB,get,500,1783,3.566,280426.24789680314
SpeedB,delete,50,381,7.62,131233.59580052493
SpeedB,range,50,1931,38.62,25893.31952356292
SpeedB,put,5000,13517,2.7034,369904.56462232745
SpeedB,get,500,1229,2.458,406834.8250610252
SpeedB,delete,50,239,4.78,209205.02092050208
SpeedB,range,50,1443,28.86,34650.03465003465
SpeedB,put,5000,21168,4.2336,236205.5933484505
SpeedB,get,500,1929,3.858,259201.6588906169
SpeedB,delete,50,399,7.98,125313.28320802005
SpeedB,range,50,2109,42.18,23707.91844476055
SpeedB,put,5000,11396,2.2792,438750.4387504388
SpeedB,get,500,1043,2.086,479386.3854266539
SpeedB,delete,50,312,6.24,160256.41025641025
SpeedB,range,50,1265,25.3,39525.691699604744
SpeedB,put,5000,19908,3.9816,251155.3144464537
SpeedB,get,500,1805,3.61,277008.3102493075
SpeedB,delete,50,376,7.52,132978.72340425532
SpeedB,range,50,1914,38.28,26123.30198537095
SpeedB,put,5000,15809,3.1618,316275.53924979444
SpeedB,get,500,1430,2.86,349650.34965034964
SpeedB,delete,50,370,7.4,135135.13513513512
SpeedB,range,50,1573,31.46,31786.39542275906
SpeedB,put,5000,21385,4.277,233808.74444704232
SpeedB,get,500,1948,3.896,256673.5112936345
SpeedB,delete,50,420,8.4,119047.61904761904
SpeedB,range,50,2170,43.4,23041.474654377882
SpeedB,put,5000,20743,4.1486,241045.17186520755
SpeedB,get,500,1896,3.792,263713.0801687764
SpeedB,delete,50,381,7.62,131233.59580052493
SpeedB,range,50,2005,40.1,24937.655860349125
SpeedB,put,5000,20311,4.0622,246172.02501107776
SpeedB,get,500,1819,3.638,274876.3056624519
SpeedB,delete,50,386,7.72,129533.67875647669
SpeedB,range,50,1890,37.8,26455.02645502646
SpeedB,put,5000,17316,3.4632,288750.2887502887
SpeedB,get,500,1595,3.19,313479.6238244514
SpeedB,delete,50,320,6.4,156250
SpeedB,range,50,2340,46.8,21367.521367521367
SpeedB,put,5000,18588,3.7176,268990.7467183129
SpeedB,get,500,1687,3.374,296384.1138114997
SpeedB,delete,50,344,6.88,145348.83720930232
SpeedB,range,50,1849,36.98,27041.644131963225
SpeedB,put,5000,17493,3.4986,285828.61716115015
SpeedB,get,500,1580,3.16,316455.69620253163
SpeedB,delete,50,307,6.14,162866.44951140066
SpeedB,range,50,1733,34.66,28851.70225043278
SpeedB,put,5000,18172,3.6344,275148.580233326
SpeedB,get,500,1687,3.374,296384.1138114997
SpeedB,delete,50,348,6.96,143678.16091954024
SpeedB,range,50,1855,37.1,26954.17789757412
SpeedB,put,5000,16749,3.3498,298525.28509164724
SpeedB,get,500,1527,3.054,327439.4237066143
SpeedB,delete,50,289,5.78,173010.38062283737
SpeedB,range,50,1677,33.54,29815.146094215863
SpeedB,put,5000,17602,3.5204,284058.6297011703
SpeedB,get,500,1592,3.184,314070.3517587939
SpeedB,delete,50,325,6.5,153846.15384615384
SpeedB,range,50,1735,34.7,28818.44380403458
SpeedB,put,5000,18147,3.6294,275527.6354218328
SpeedB,get,500,1667,3.334,299940.0119976005
SpeedB,delete,50,352,7.04,142045.45454545456
SpeedB,range,50,1689,33.78,29603.31557134399
SpeedB,put,5000,18324,3.6648,272866.1864221786
SpeedB,get,500,1663,3.326,300661.45520144317
SpeedB,delete,50,327,6.54,152905.19877675842
SpeedB,range,50,1816,36.32,27533.039647577094
SpeedB,put,5000,19861,3.9722,251749.66013795882
SpeedB,get,500,1805,3.61,277008.3102493075
SpeedB,delete,50,368,7.36,135869.5652173913
SpeedB,range,50,1911,38.22,26164.311878597593
SpeedB,put,5000,16188,3.2376,308870.76847047196
SpeedB,get,500,1441,2.882,346981.26301179733
SpeedB,delete,50,397,7.94,125944.58438287153
SpeedB,range,50,1505,30.1,33222.591362126244
SpeedB,put,5000,20965,4.193,238492.72597185787
SpeedB,get,500,1890,3.78,264550.2645502646
SpeedB,delete,50,466,9.32,107296.13733905579
SpeedB,range,50,2107,42.14,23730.422401518746
SpeedB,put,5000,17180,3.436,291036.0884749709
SpeedB,get,500,1569,3.138,318674.3148502231
SpeedB,delete,50,306,6.12,163398.69281045752
SpeedB,range,50,1724,34.48,29002.32018561485
SpeedB,put,5000,16144,3.2288,309712.5867195243
SpeedB,get,500,1484,2.968,336927.22371967655
SpeedB,delete,50,320,6.4,156250
SpeedB,range,50,1563,31.26,31989.763275751757
SpeedB,put,5000,17840,3.568,280269.05829596415
SpeedB,get,500,1634,3.268,305997.5520195839
SpeedB,delete,50,332,6.64,150602.40963855424
SpeedB,range,50,1728,34.56,28935.185185185182
SpeedB,put,5000,17491,3.4982,285861.3000971928
SpeedB,get,500,1590,3.18,314465.40880503145
SpeedB,delete,50,325,6.5,153846.15384615384
SpeedB,range,50,1739,34.78,28752.156411730877
SpeedB,put,5000,18808,3.7616,265844.3215652914
SpeedB,get,500,1711,3.422,292226.7679719462
SpeedB,delete,50,352,7.04,142045.45454545456
SpeedB,range,50,1775,35.5,28169.014084507042
SpeedB,put,5000,16293,3.2586,306880.25532437244
SpeedB,get,500,1477,2.954,338524.0352064996
SpeedB,delete,50,301,6.02,166112.95681063124
SpeedB,range,50,1561,31.22,32030.74951953876
SpeedB,put,5000,20664,4.1328,241966.70538133956
SpeedB,get,500,1899,3.798,263296.4718272775
SpeedB,delete,50,403,8.06,124069.47890818858
SpeedB,range,50,2039,40.78,24521.824423737125
SpeedB,put,5000,19857,3.9714,251800.37266455154
SpeedB,get,500,1791,3.582,279173.6460078169
SpeedB,delete,50,388,7.76,128865.9793814433
SpeedB,range,50,1981,39.62,25239.77788995457
SpeedB,put,5000,15822,3.1644,316015.6743774491
SpeedB,get,500,1395,2.79,358422.93906810036
SpeedB,delete,50,332,6.64,150602.40963855424
SpeedB,range,50,1619,32.38,30883.261272390362
SpeedB,put,5000,17616,3.5232,283832.87920072663
SpeedB,get,500,1583,3.166,315855.9696778269
SpeedB,delete,50,328,6.56,152439.02439024393
SpeedB,range,50,1769,35.38,28264.556246466927
SpeedB,put,5000,19173,3.8346,260783.3933135138
SpeedB,get,500,1720,3.44,290697.67441860464
SpeedB,delete,50,360,7.2,138888.88888888888
SpeedB,range,50,1871,37.42,26723.677177979687
SpeedB,put,5000,18255,3.651,273897.5623116954
SpeedB,get,500,1655,3.31,302114.80362537765
SpeedB,delete,50,336,6.72,148809.52380952382
SpeedB,range,50,1773,35.46,28200.78962210942
SpeedB,put,5000,12005,2.401,416493.1278633903
SpeedB,get,500,1075,2.15,465116.27906976745
SpeedB,delete,50,209,4.18,239234.44976076556
SpeedB,range,50,1345,26.9,37174.72118959108
SpeedB,put,5000,17867,3.5734,279845.5252700509
SpeedB,get,500,1625,3.25,307692.3076923077
SpeedB,delete,50,335,6.7,149253.73134328358
SpeedB,range,50,1730,34.6,28901.73410404624
SpeedB,put,5000,14777,2.9554,338363.6732760371
SpeedB,get,500,1362,2.724,367107.19530102785
SpeedB,delete,50,290,5.8,172413.7931034483
SpeedB,range,50,1534,30.68,32594.524119947848
SpeedB,put,5000,16693,3.3386,299526.74773857306
SpeedB,get,500,1507,3.014,331785.00331785006
SpeedB,delete,50,298,5.96,167785.23489932885
SpeedB,range,50,1661,33.22,30102.347983142685
SpeedB,put,5000,21345,4.269,234246.89622862497
SpeedB,get,500,1957,3.914,255493.10168625446
SpeedB,delete,50,400,8,125000
SpeedB,range,50,2165,43.3,23094.68822170901
SpeedB,put,5000,22738,4.5476,219896.20898935702
SpeedB,get,500,2028,4.056,246548.3234714004
SpeedB,delete,50,407,8.14,122850.12285012285
SpeedB,range,50,2446,48.92,20441.53720359771
SpeedB,put,5000,19799,3.9598,252538.006970049
SpeedB,get,500,1783,3.566,280426.24789680314
SpeedB,delete,50,354,7.08,141242.93785310735
SpeedB,range,50,1864,37.28,26824.034334763946
SpeedB,put,5000,18966,3.7932,263629.65306337655
SpeedB,get,500,1711,3.422,292226.7679719462
SpeedB,delete,50,346,6.92,144508.67052023122
SpeedB,range,50,1813,36.26,27578.599007170436
SpeedB,put,5000,25654,5.1308,194901.37990176972
SpeedB,get,500,2398,4.796,208507.08924103418
SpeedB,delete,50,502,10.04,99601.59362549802
SpeedB,range,50,2945,58.9,16977.92869269949
SpeedB,put,5000,18022,3.6044,277438.68605038285
SpeedB,get,500,1625,3.25,307692.3076923077
SpeedB,delete,50,330,6.6,151515.15151515152
SpeedB,range,50,1759,35.18,28425.241614553725
SpeedB,put,5000,20807,4.1614,240303.74393233043
SpeedB,get,500,1907,3.814,262191.9244887257
SpeedB,delete,50,398,7.96,125628.1407035176
SpeedB,range,50,1952,39.04,25614.754098360656
SpeedB,put,5000,23613,4.7226,211747.76606106805
SpeedB,get,500,2160,4.32,231481.48148148146
SpeedB,delete,50,468,9.36,106837.60683760684
SpeedB,range,50,2640,52.8,18939.39393939394
SpeedB,put,5000,20549,4.1098,243320.84286339968
SpeedB,get,500,1867,3.734,267809.3197643278
SpeedB,delete,50,404,8.08,123762.37623762376
SpeedB,range,50,1967,39.34,25419.42043721403
SpeedB,put,5000,16934,3.3868,295263.9659855911
SpeedB,get,500,1550,3.1,322580.6451612903
SpeedB,delete,50,321,6.42,155763.2398753894
SpeedB,range,50,1739,34.78,28752.156411730877
SpeedB,put,5000,14455,2.891,345901.0722933241
SpeedB,get,500,1292,2.584,386996.9040247678
SpeedB,delete,50,339,6.78,147492.62536873156
SpeedB,range,50,1339,26.78,37341.29947722181
SpeedB,put,5000,11013,2.2026,454008.8985744121
SpeedB,get,500,989,1.978,505561.17290192115
SpeedB,delete,50,190,3.8,263157.89473684214
SpeedB,range,50,1368,27.36,36549.707602339186
SpeedB,put,5000,19220,3.844,260145.68158168576
SpeedB,get,500,1749,3.498,285877.6443682104
SpeedB,delete,50,366,7.32,136612.02185792348
SpeedB,range,50,1883,37.66,26553.372278279345
SpeedB,put,5000,10469,2.0938,477600.53491259913
SpeedB,get,500,968,1.936,516528.92561983474
SpeedB,delete,50,202,4.04,247524.75247524751
SpeedB,range,50,1182,23.64,42301.184433164126
SpeedB,put,5000,14479,2.8958,345327.71600248636
SpeedB,get,500,1316,2.632,379939.20972644375
SpeedB,delete,50,250,5,200000
SpeedB,range,50,2103,42.06,23775.55872563005
SpeedB,put,5000,17705,3.541,282406.0999717594
SpeedB,get,500,1608,3.216,310945.27363184077
SpeedB,delete,50,324,6.48,154320.98765432098
SpeedB,range,50,1733,34.66,28851.70225043278
SpeedB,put,5000,15996,3.1992,312578.14453613403
SpeedB,get,500,1453,2.906,344115.62284927734
SpeedB,delete,50,334,6.68,149700.59880239522
SpeedB,range,50,1785,35.7,28011.204481792716
SpeedB,put,5000,19791,3.9582,252640.08892931129
SpeedB,get,500,1800,3.6,277777.77777777775
SpeedB,delete,50,365,7.3,136986.301369863
SpeedB,range,50,1924,38.48,25987.52598752599
SpeedB,put,5000,14768,2.9536,338569.88082340197
SpeedB,get,500,1360,2.72,367647.0588235294
SpeedB,delete,50,303,6.06,165016.50165016504
SpeedB,range,50,1425,28.5,35087.71929824561
SpeedB,put,5000,17817,3.5634,280630.8581691643
SpeedB,get,500,1667,3.334,299940.0119976005
SpeedB,delete,50,378,7.56,132275.1322751323
SpeedB,range,50,2422,48.44,20644.09578860446
SpeedB,put,5000,19166,3.8332,260878.6392570176
SpeedB,get,500,1742,3.484,287026.4064293915
SpeedB,delete,50,360,7.2,138888.88888888888
SpeedB,range,50,1845,36.9,27100.27100271003
SpeedB,put,5000,25973,5.1946,192507.60405035998
SpeedB,get,500,2380,4.76,210084.03361344538
SpeedB,delete,50,503,10.06,99403.57852882703
SpeedB,range,50,2892,57.84,17289.073305670816
SpeedB,put,5000,17058,3.4116,293117.5987806308
SpeedB,get,500,1580,3.16,316455.69620253163
SpeedB,delete,50,312,6.24,160256.41025641025
SpeedB,range,50,1859,37.18,26896.18074233459
SpeedB,put,5000,14909,2.9818,335367.8985847475
SpeedB,get,500,1348,2.696,370919.88130563794
SpeedB,delete,50,304,6.08,164473.68421052632
SpeedB,range,50,1457,29.14,34317.08991077557
SpeedB,put,5000,18558,3.7116,269425.5846535187
SpeedB,get,500,1717,3.434,291205.59114735003
SpeedB,delete,50,427,8.54,117096.018735363
SpeedB,range,50,1998,39.96,25025.025025025025
SpeedB,put,5000,19307,3.8614,258973.42932615112
SpeedB,get,500,1776,3.552,281531.53153153154
SpeedB,delete,50,355,7.1,140845.0704225352
SpeedB,range,50,1894,37.88,26399.155227032734
SpeedB,put,5000,17521,3.5042,285371.83950687747
SpeedB,get,500,1601,3.202,312304.8094940662
SpeedB,delete,50,318,6.36,157232.70440251572
SpeedB,range,50,1675,33.5,29850.746268656716
SpeedB,put,5000,9822,1.9644,509061.2909794339
SpeedB,get,500,900,1.8,555555.5555555555
SpeedB,delete,50,163,3.26,306748.46625766874
SpeedB,range,50,1170,23.4,42735.042735042734
SpeedB,put,5000,18174,3.6348,275118.30086937384
SpeedB,get,500,1690,3.38,295857.9881656805
SpeedB,delete,50,351,7.02,142450.14245014245
SpeedB,range,50,1756,35.12,28473.804100227793
SpeedB,put,5000,17553,3.5106,284851.59232040105
SpeedB,get,500,1605,3.21,311526.4797507788
SpeedB,delete,50,328,6.56,152439.02439024393
SpeedB,range,50,1717,34.34,29120.559114735
SpeedB,put,5000,17034,3.4068,293530.58588704944
SpeedB,get,500,1532,3.064,326370.75718015665
SpeedB,delete,50,307,6.14,162866.44951140066
SpeedB,range,50,1717,34.34,29120.559114735
SpeedB,put,5000,19885,3.977,251445.81342720645
SpeedB,get,500,1822,3.644,274423.710208562
SpeedB,delete,50,396,7.92,126262.62626262626
SpeedB,range,50,1945,38.9,25706.94087403599
SpeedB,put,5000,16843,3.3686,296859.22935344063
SpeedB,get,500,1531,3.062,326583.9320705421
SpeedB,delete,50,310,6.2,161290.32258064515
SpeedB,range,50,1753,35.06,28522.53280091272
SpeedB,put,5000,18188,3.6376,274906.53177919507
SpeedB,get,500,1659,3.318,301386.37733574444
SpeedB,delete,50,349,6.98,143266.47564469912
SpeedB,range,50,1681,33.62,29744.199881023203
SpeedB,put,5000,17571,3.5142,284559.7860110409
SpeedB,get,500,1581,3.162,316255.5344718533
SpeedB,delete,50,322,6.44,155279.50310559006
SpeedB,range,50,1671,33.42,29922.202274087373
SpeedB,put,5000,16828,3.3656,297123.84121701925
SpeedB,get,500,1499,2.998,333555.703802535
SpeedB,delete,50,319,6.38,156739.8119122257
SpeedB,range,50,1512,30.24,33068.78306878307
SpeedB,put,5000,16795,3.359,297707.6510866329
SpeedB,get,500,1543,3.086,324044.0699935191
SpeedB,delete,50,308,6.16,162337.66233766233
SpeedB,range,50,1681,33.62,29744.199881023203
SpeedB,put,5000,16588,3.3176,301422.71521581867
SpeedB,get,500,1526,3.052,327653.997378768
SpeedB,delete,50,303,6.06,165016.50165016504
SpeedB,range,50,1639,32.78,30506.406345332518
SpeedB,put,5000,16823,3.3646,297212.15003269335
SpeedB,get,500,1520,3.04,328947.36842105264
SpeedB,delete,50,307,6.14,162866.44951140066
SpeedB,range,50,1661,33.22,30102.347983142685
SpeedB,put,5000,16512,3.3024,302810.07751937985
SpeedB,get,500,1524,3.048,328083.9895013123
SpeedB,delete,50,312,6.24,160256.41025641025
SpeedB,range,50,1594,31.88,31367.62860727729
SpeedB,put,5000,16542,3.3084,302260.91161890945
SpeedB,get,500,1500,3,333333.3333333333
SpeedB,delete,50,312,6.24,160256.41025641025
SpeedB,range,50,1607,32.14,31113.876789047914
SpeedB,put,5000,25034,5.0068,199728.36941759207
SpeedB,get,500,2333,4.666,214316.3309044149
SpeedB,delete,50,495,9.9,101010.101010101
SpeedB,range,50,2791,55.82,17914.72590469366
SpeedB,put,5000,18789,3.7578,266113.15131193784
SpeedB,get,500,1719,3.438,290866.78301337984
SpeedB,delete,50,370,7.4,135135.13513513512
SpeedB,range,50,1990,39.8,25125.62814070352
SpeedB,put,5000,16391,3.2782,305045.4517723141
SpeedB,get,500,1484,2.968,336927.22371967655
SpeedB,delete,50,315,6.3,158730.15873015873
SpeedB,range,50,1596,31.92,31328.32080200501
SpeedB,put,5000,17010,3.402,293944.73838918284
SpeedB,get,500,1543,3.086,324044.0699935191
SpeedB,delete,50,315,6.3,158730.15873015873
SpeedB,range,50,1631,32.62,30656.039239730228
SpeedB,put,5000,18234,3.6468,274213.0086651311
SpeedB,get,500,1663,3.326,300661.45520144317
SpeedB,delete,50,383,7.66,130548.30287206266
SpeedB,range,50,1759,35.18,28425.241614553725
SpeedB,put,5000,9800,1.96,510204.0816326531
SpeedB,get,500,894,1.788,559284.1163310962
SpeedB,delete,50,171,3.42,292397.6608187135
SpeedB,range,50,1180,23.6,42372.8813559322
SpeedB,put,5000,19931,3.9862,250865.4859264462
SpeedB,get,500,1823,3.646,274273.1760833791
SpeedB,delete,50,379,7.58,131926.12137203166
SpeedB,range,50,1983,39.66,25214.32173474534
SpeedB,put,5000,17286,3.4572,289251.4173319449
SpeedB,get,500,1583,3.166,315855.9696778269
SpeedB,delete,50,320,6.4,156250
SpeedB,range,50,1686,33.72,29655.990510083036
SpeedB,put,5000,17723,3.5446,282119.28003159736
SpeedB,get,500,1627,3.254,307314.0749846343
SpeedB,delete,50,320,6.4,156250
SpeedB,range,50,1775,35.5,28169.014084507042
SpeedB,put,5000,19402,3.8804,257705.39119678384
SpeedB,get,500,1766,3.532,283125.7078142695
SpeedB,delete,50,347,6.94,144092.2190201729
SpeedB,range,50,1855,37.1,26954.17789757412
SpeedB,put,5000,22684,4.5368,220419.67906894727
SpeedB,get,500,2087,4.174,239578.34211787253
SpeedB,delete,50,478,9.56,104602.51046025104
SpeedB,range,50,2263,45.26,22094.56473707468
SpeedB,put,5000,9824,1.9648,508957.654723127
SpeedB,get,500,895,1.79,558659.217877095
SpeedB,delete,50,172,3.44,290697.67441860464
SpeedB,range,50,1178,23.56,42444.82173174873
SpeedB,put,5000,9792,1.9584,510620.91503267974
SpeedB,get,500,892,1.784,560538.1165919283
SpeedB,delete,50,181,3.62,276243.0939226519
SpeedB,range,50,1175,23.5,42553.1914893617
SpeedB,put,5000,9665,1.933,517330.5742369374
SpeedB,get,500,885,1.77,564971.7514124294
SpeedB,delete,50,159,3.18,314465.40880503145
SpeedB,range,50,1158,23.16,43177.892918825564
SpeedB,put,5000,17394,3.4788,287455.444406117
SpeedB,get,500,1586,3.172,315258.51197982347
SpeedB,delete,50,313,6.26,159744.4089456869
SpeedB,range,50,1718,34.36,29103.60884749709
SpeedB,put,5000,19316,3.8632,258852.76454752538
SpeedB,get,500,1775,3.55,281690.1408450704
SpeedB,delete,50,358,7.16,139664.80446927375
SpeedB,range,50,1846,36.92,27085.590465872156
SpeedB,put,5000,9609,1.9218,520345.5094182537
SpeedB,get,500,881,1.762,567536.8898978434
SpeedB,delete,50,158,3.16,316455.69620253163
SpeedB,range,50,1173,23.46,42625.745950554134
SpeedB,put,5000,9564,1.9128,522793.8101212882
SpeedB,get,500,881,1.762,567536.8898978434
SpeedB,delete,50,159,3.18,314465.40880503145
SpeedB,range,50,1168,23.36,42808.219178082196
SpeedB,put,5000,19591,3.9182,255219.2333214231
SpeedB,get,500,1770,3.54,282485.8757062147
SpeedB,delete,50,396,7.92,126262.62626262626
SpeedB,range,50,1864,37.28,26824.034334763946
SpeedB,put,5000,21575,4.315,231749.7103128621
SpeedB,get,500,1976,3.952,253036.43724696356
SpeedB,delete,50,425,8.5,117647.05882352941
SpeedB,range,50,2189,43.78,22841.480127912288
SpeedB,put,5000,18457,3.6914,270899.92956601834
SpeedB,get,500,1676,3.352,298329.35560859187
SpeedB,delete,50,339,6.78,147492.62536873156
SpeedB,range,50,1781,35.62,28074.115665356545
SpeedB,put,5000,22983,4.5966,217552.10372884307
SpeedB,get,500,2109,4.218,237079.1844476055
SpeedB,delete,50,487,9.74,102669.40451745379
SpeedB,range,50,2539,50.78,19692.792437967702
SpeedB,put,5000,18751,3.7502,266652.4452029225
SpeedB,get,500,1703,3.406,293599.5302407516
SpeedB,delete,50,334,6.68,149700.59880239522
SpeedB,range,50,1881,37.62,26581.605528973952
SpeedB,put,5000,18046,3.6092,277069.710739222
SpeedB,get,500,1649,3.298,303214.0691328078
SpeedB,delete,50,336,6.72,148809.52380952382
SpeedB,range,50,1817,36.34,27517.886626307096
SpeedB,put,5000,16688,3.3376,299616.49089165864
SpeedB,get,500,1504,3.008,332446.8085106383
SpeedB,delete,50,314,6.28,159235.6687898089
SpeedB,range,50,1628,32.56,30712.53071253071
SpeedB,put,5000,19373,3.8746,258091.15779693387
SpeedB,get,500,1770,3.54,282485.8757062147
SpeedB,delete,50,376,7.52,132978.72340425532
SpeedB,range,50,1891,37.82,26441.036488630354
SpeedB,put,5000,17261,3.4522,289670.3551358554
SpeedB,get,500,1578,3.156,316856.7807351077
SpeedB,delete,50,319,6.38,156739.8119122257
SpeedB,range,50,1711,34.22,29222.676797194625
SpeedB,put,5000,17586,3.5172,284317.07039690664
SpeedB,get,500,1590,3.18,314465.40880503145
SpeedB,delete,50,333,6.66,150150.15015015015
SpeedB,range,50,1733,34.66,28851.70225043278
SpeedB,put,5000,19616,3.9232,254893.96411092984
SpeedB,get,500,1788,3.576,279642.0581655481
SpeedB,delete,50,361,7.22,138504.15512465374
SpeedB,range,50,1869,37.38,26752.273943285178
SpeedB,put,5000,17107,3.4214,292278.0148477231
SpeedB,get,500,1570,3.14,318471.3375796178
SpeedB,delete,50,337,6.74,148367.9525222552
SpeedB,range,50,1711,34.22,29222.676797194625
SpeedB,put,5000,20631,4.1262,242353.73951820077
SpeedB,get,500,1871,3.742,267236.7717797969
SpeedB,delete,50,397,7.94,125944.58438287153
SpeedB,range,50,2010,40.2,24875.621890547263
SpeedB,put,5000,20775,4.155,240673.88688327314
SpeedB,get,500,1894,3.788,263991.55227032735
SpeedB,delete,50,410,8.2,121951.21951219514
SpeedB,range,50,2004,40.08,24950.099800399203
SpeedB,put,5000,19077,3.8154,262095.7173559784
SpeedB,get,500,1723,3.446,290191.5264074289
SpeedB,delete,50,357,7.14,140056.0224089636
SpeedB,range,50,1810,36.2,27624.30939226519
SpeedB,put,5000,16190,3.238,308832.6127239037
SpeedB,get,500,1483,2.966,337154.416722859
SpeedB,delete,50,322,6.44,155279.50310559006
SpeedB,range,50,1642,32.84,30450.669914738122
SpeedB,put,5000,10334,2.0668,483839.75227404677
SpeedB,get,500,958,1.916,521920.6680584551
SpeedB,delete,50,223,4.46,224215.2466367713
SpeedB,range,50,1283,25.66,38971.16134060795
SpeedB,put,5000,10208,2.0416,489811.91222570534
SpeedB,get,500,934,1.868,535331.9057815846
SpeedB,delete,50,178,3.56,280898.8764044944
SpeedB,range,50,1261,25.22,39651.07057890563
SpeedB,put,5000,9954,1.9908,502310.6288929074
SpeedB,get,500,913,1.826,547645.1259583789
SpeedB,delete,50,209,4.18,239234.44976076556
SpeedB,range,50,1197,23.94,41771.09440267335
SpeedB,put,5000,17144,3.4288,291647.2235184321
SpeedB,get,500,1575,3.15,317460.31746031746
SpeedB,delete,50,309,6.18,161812.29773462785
SpeedB,range,50,1625,32.5,30769.23076923077
SpeedB,put,5000,19154,3.8308,261042.0799832933
SpeedB,get,500,1753,3.506,285225.32800912723
SpeedB,delete,50,344,6.88,145348.83720930232
SpeedB,range,50,1870,37.4,26737.967914438505
SpeedB,put,5000,17578,3.5156,284446.4671748777
SpeedB,get,500,1617,3.234,309214.59492888063
SpeedB,delete,50,365,7.3,136986.301369863
SpeedB,range,50,1750,35,28571.428571428572
SpeedB,put,5000,20169,4.0338,247905.20105111803
SpeedB,get,500,1831,3.662,273074.8225013654
SpeedB,delete,50,375,7.5,133333.33333333334
SpeedB,range,50,1926,38.52,25960.539979231566
SpeedB,put,5000,18406,3.6812,271650.54873410845
SpeedB,get,500,1676,3.352,298329.35560859187
SpeedB,delete,50,335,6.7,149253.73134328358
SpeedB,range,50,1829,36.58,27337.342810278842
SpeedB,put,5000,18085,3.617,276472.2145424385
SpeedB,get,500,1620,3.24,308641.97530864197
SpeedB,delete,50,329,6.58,151975.6838905775
SpeedB,range,50,1692,33.84,29550.827423167844
SpeedB,put,5000,16955,3.391,294898.2601002654
SpeedB,get,500,1598,3.196,312891.1138923654
SpeedB,delete,50,304,6.08,164473.68421052632
SpeedB,range,50,1705,34.1,29325.513196480937
SpeedB,put,5000,20645,4.129,242189.39210462585
SpeedB,get,500,1888,3.776,264830.5084745763
SpeedB,delete,50,387,7.74,129198.96640826872
SpeedB,range,50,1957,39.14,25549.310168625445
SpeedB,put,5000,17125,3.425,291970.802919708
SpeedB,get,500,1553,3.106,321957.5016097875
SpeedB,delete,50,340,6.8,147058.82352941178
SpeedB,range,50,1691,33.82,29568.30277942046
SpeedB,put,5000,17235,3.447,290107.3397156948
SpeedB,get,500,1686,3.372,296559.90510083036
SpeedB,delete,50,383,7.66,130548.30287206266
SpeedB,range,50,1779,35.58,28105.67734682406
SpeedB,put,5000,19122,3.8244,261478.92479866123
SpeedB,get,500,1748,3.496,286041.1899313501
SpeedB,delete,50,351,7.02,142450.14245014245
SpeedB,range,50,1851,37.02,27012.42571582928
LSM Tree,put,100000,25034,0.25034,3994567.3883518414
LSM Tree,get,10000,82723,8.2723,120885.36440893101
LSM Tree,delete,1000,2051271,2051.271,487.5026264203998
LSM Tree,range,1000,16431,16.431,60860.568437709204
LSM Tree,put,100000,26882,0.26882,3719961.312402351
LSM Tree,get,10000,82586,8.2586,121085.89833627976
LSM Tree,delete,1000,2047250,2047.25,488.4601294419343
LSM Tree,range,1000,16338,16.338,61207.00208103807
LSM Tree,put,100000,28051,0.28051,3564935.2964243703
LSM Tree,get,10000,83067,8.3067,120384.7496599131
LSM Tree,delete,1000,2040909,2040.909,489.9777501103675
LSM Tree,range,1000,16515,16.515,60551.01422948834
LSM Tree,put,100000,29374,0.29374,3404371.212637026
LSM Tree,get,10000,81707,8.1707,122388.53464207472
LSM Tree,delete,1000,2044724,2044.724,489.0635606565972
LSM Tree,range,1000,16311,16.311,61308.319538961434
LSM Tree,put,100000,28135,0.28135,3554291.8073573844
LSM Tree,get,10000,81899,8.1899,122101.61296230723
LSM Tree,delete,1000,2046128,2046.128,488.72797791731506
LSM Tree,range,1000,16330,16.33,61236.987140232704
LSM Tree,put,100000,25686,0.25686,3893171.3774040337
LSM Tree,get,10000,81751,8.1751,122322.66271972208
LSM Tree,delete,1000,2048207,2048.207,488.231902341902
LSM Tree,range,1000,16264,16.264,61485.48942449582
LSM Tree,put,100000,28222,0.28222,3543334.9868896604
LSM Tree,get,10000,81413,8.1413,122830.506184516
LSM Tree,delete,1000,2070934,2070.934,482.8739109986122
LSM Tree,range,1000,16114,16.114,62057.837904927386
LSM Tree,put,100000,24460,0.2446,4088307.440719542
LSM Tree,get,10000,81801,8.1801,122247.89428002104
LSM Tree,delete,1000,2045174,2045.174,488.9559519141159
LSM Tree,range,1000,16342,16.342,61192.02056051891
LSM Tree,put,100000,29836,0.29836,3351655.7179246545
LSM Tree,get,10000,81635,8.1635,122496.47822625098
LSM Tree,delete,1000,2104933,2104.933,475.0745035590206
LSM Tree,range,1000,16228,16.228,61621.888094651214
LSM Tree,put,100000,33808,0.33808,2957879.791765263
LSM Tree,get,10000,81354,8.1354,122919.58600683432
LSM Tree,delete,1000,2045374,2045.374,488.9081410050191
LSM Tree,range,1000,16157,16.157,61892.67809618122
LSM Tree,put,100000,25839,0.25839,3870118.812647548
LSM Tree,get,10000,81312,8.1312,122983.07752853207
LSM Tree,delete,1000,2055109,2055.109,486.59219535314185
LSM Tree,range,1000,16160,16.16,61881.18811881188
LSM Tree,put,100000,25753,0.25753,3883042.752300703
LSM Tree,get,10000,81841,8.1841,122188.14530614238
LSM Tree,delete,1000,2050154,2050.154,487.76823594715324
LSM Tree,range,1000,16401,16.401,60971.89195780745
LSM Tree,put,100000,27928,0.27928,3580635.920939559
LSM Tree,get,10000,82593,8.2593,121075.63594977783
LSM Tree,delete,1000,2044726,2044.726,489.0630822907323
LSM Tree,range,1000,16374,16.374,61072.43190423843
SpeedB,put,100000,219379,2.19379,455832.1443711568
SpeedB,get,10000,20397,2.0397,490268.17669265094
SpeedB,delete,1000,4058,4.058,246426.8112370626
SpeedB,range,1000,460105,460.105,2173.416937438193
SpeedB,put,100000,219755,2.19755,455052.2172419285
SpeedB,get,10000,20161,2.0161,496007.1425028521
SpeedB,delete,1000,3923,3.923,254906.95895997962
SpeedB,range,1000,463411,463.411,2157.911659412487
SpeedB,put,100000,214755,2.14755,465646.8999557636
SpeedB,get,10000,19705,1.9705,507485.40979446843
SpeedB,delete,1000,3904,3.904,256147.54098360657
SpeedB,range,1000,463285,463.285,2158.498548409726
SpeedB,put,100000,216762,2.16762,461335.4739299324
SpeedB,get,10000,19891,1.9891,502739.932632849
SpeedB,delete,1000,3789,3.789,263921.87912377936
SpeedB,range,1000,469022,469.022,2132.0961490079358
SpeedB,put,100000,217644,2.17644,459465.9168182904
SpeedB,get,10000,20028,2.0028,499300.97862991807
SpeedB,delete,1000,3980,3.98,251256.2814070352
SpeedB,range,1000,464801,464.801,2151.4583660534295
SpeedB,put,100000,214609,2.14609,465963.68279056327
SpeedB,get,10000,19895,1.9895,502638.8539834129
SpeedB,delete,1000,3824,3.824,261506.27615062761
SpeedB,range,1000,481036,481.036,2078.8464896598175
SpeedB,put,100000,216334,2.16334,462248.19029833504
SpeedB,get,10000,19927,1.9927,501831.68565263215
SpeedB,delete,1000,3882,3.882,257599.1756826378
SpeedB,range,1000,493586,493.586,2025.9893919195438
SpeedB,put,100000,211209,2.11209,473464.6724334664
SpeedB,get,10000,19421,1.9421,514906.5444621801
SpeedB,delete,1000,3749,3.749,266737.7967457989
SpeedB,range,1000,455964,455.964,2193.155600003509
SpeedB,put,100000,213346,2.13346,468722.16962117876
SpeedB,get,10000,19636,1.9636,509268.6901609289
SpeedB,delete,1000,3725,3.725,268456.3758389262
SpeedB,range,1000,452321,452.321,2210.8193075271765
SpeedB,put,100000,212282,2.12282,471071.49923215347
SpeedB,get,10000,19559,1.9559,511273.5824939925
SpeedB,delete,1000,3695,3.695,270635.99458728015
SpeedB,range,1000,454081,454.081,2202.250259314968
SpeedB,put,100000,216286,2.16286,462350.7762869534
SpeedB,get,10000,19934,1.9934,501655.46302799234
SpeedB,delete,1000,3780,3.78,264550.2645502646
SpeedB,range,1000,457317,457.317,2186.6670165333894
SpeedB,put,100000,212823,2.12823,469874.0267734221
SpeedB,get,10000,19530,1.953,512032.7700972862
SpeedB,delete,1000,3714,3.714,269251.48088314483
SpeedB,range,1000,452012,452.012,2212.3306460890417
SpeedB,put,100000,212270,2.1227,471098.1297404249
SpeedB,get,10000,19539,1.9539,511796.9189825477
SpeedB,delete,1000,3741,3.741,267308.2063619353
SpeedB,range,1000,452449,452.449,2210.193856103119
SpeedB,put,100000,213424,2.13424,468550.86588200013
SpeedB,get,10000,19671,1.9671,508362.5641807737
SpeedB,delete,1000,3832,3.832,260960.33402922755
SpeedB,range,1000,457798,457.798,2184.369525423877
SpeedB,put,100000,212326,2.12326,470973.8797886269
SpeedB,get,10000,19581,1.9581,510699.1471324243
SpeedB,delete,1000,3818,3.818,261917.23415400734
SpeedB,range,1000,452592,452.592,2209.4955279810515
SpeedB,put,100000,207829,2.07829,481164.8037569348
SpeedB,get,10000,19241,1.9241,519723.5070942259
SpeedB,delete,1000,3743,3.743,267165.3753673524
SpeedB,range,1000,453783,453.783,2203.696480476351
SpeedB,put,100000,218914,2.18914,456800.38736672845
SpeedB,get,10000,20177,2.0177,495613.81771323783
SpeedB,delete,1000,3930,3.93,254452.9262086514
SpeedB,range,1000,460885,460.885,2169.7386549790076
